Ortholog_UniProt_Acc,ProteinName,class_accession,ELMIdentifier,FunctionalSiteName,Description,InteractionDomainId,InteractionDomainDescription,InteractionDomainName,Regex,Probability,Methods,Organism,query_seq_length,subject_seq_length,alignment_length,identity_percentage,motif_inside_subject_query_overlap,query_start,query_end,subject_start,subject_end,motif_start_in_subject,motif_end_in_subject,References,InstanceLogic,PDB,#Instances,#Instances_in_PDB
P03317,POLN_SINDV,ELME000409,LIG_G3BP_FGDF_1,G3BP binding motif,The FGDF motif binds to a hydrophobic binding cleft within the N-terminal NTF2-like domain of the stress granule protein G3BP.,PF02136,NTF2,Nuclear transport factor 2 (NTF2) domain,[FYLIMV].FG[DES]F,1.19535010484e-06,Identification by mass spectrometry; anti tag coimmunoprecipitation; confocal microscopy; green fluorescent protein tag,Sindbis virus,550,2512,549,99.8,True,1,549,1348,1896,1835,1840,18684830 16571828,true positive,,9,0
P03317,POLN_SINDV,ELME000409,LIG_G3BP_FGDF_1,G3BP binding motif,The FGDF motif binds to a hydrophobic binding cleft within the N-terminal NTF2-like domain of the stress granule protein G3BP.,PF02136,NTF2,Nuclear transport factor 2 (NTF2) domain,[FYLIMV].FG[DES]F,1.19535010484e-06,Identification by mass spectrometry; anti tag coimmunoprecipitation; confocal microscopy; green fluorescent protein tag,Sindbis virus,550,2512,549,99.8,True,1,549,1348,1896,1858,1863,18684830 16571828,true positive,,9,0
Q8JUX6,POLN_CHIKS,ELME000501,LIG_SH3_CIN85_PxpxPR_1,CIN85 and CD2AP SH3 domain binding motif ,"The non-canonical SH3-binding motif is recognized primarily by adaptor proteins CIN85 and CD2AP, which are involved in RTK regulation, endocytosis, lysosomal degradation, actin cytoskeleton dynamics regulation, and signal transduction",PF14604,SH3_9,Variant SH3 domain,P.[AP].PR,9.56222155299e-05,mutation analysis; nuclear magnetic resonance; western blot,Chikungunya virus strain S27-African prototype,550,2474,325,59.1,False,1,325,1334,1657,1731,1736,31493651,true positive,,60,4
Q5XXP4,POLN_CHIK3,ELME000409,LIG_G3BP_FGDF_1,G3BP binding motif,The FGDF motif binds to a hydrophobic binding cleft within the N-terminal NTF2-like domain of the stress granule protein G3BP.,PF02136,NTF2,Nuclear transport factor 2 (NTF2) domain,[FYLIMV].FG[DES]F,1.19535010484e-06,anti tag coimmunoprecipitation; by homology; coimmunoprecipitation; confocal microscopy; fluorescence microscopy; green fluorescent protein tag; mutation analysis,Chikungunya virus strain Senegal 37997,550,2473,325,58.5,False,1,325,1334,1657,1810,1815,24623412 22837213 25658430 26384002,true positive,,9,0
Q5XXP4,POLN_CHIK3,ELME000409,LIG_G3BP_FGDF_1,G3BP binding motif,The FGDF motif binds to a hydrophobic binding cleft within the N-terminal NTF2-like domain of the stress granule protein G3BP.,PF02136,NTF2,Nuclear transport factor 2 (NTF2) domain,[FYLIMV].FG[DES]F,1.19535010484e-06,anti tag coimmunoprecipitation; by homology; coimmunoprecipitation; confocal microscopy; fluorescence microscopy; green fluorescent protein tag; mutation analysis,Chikungunya virus strain Senegal 37997,550,2473,325,58.5,False,1,325,1334,1657,1828,1833,24623412 22837213 25658430 26384002,true positive,,9,0
P08411,POLN_SFV,ELME000409,LIG_G3BP_FGDF_1,G3BP binding motif,The FGDF motif binds to a hydrophobic binding cleft within the N-terminal NTF2-like domain of the stress granule protein G3BP.,PF02136,NTF2,Nuclear transport factor 2 (NTF2) domain,[FYLIMV].FG[DES]F,1.19535010484e-06,alanine scanning; anti tag coimmunoprecipitation; coimmunoprecipitation; green fluorescent protein tag; isothermal titration calorimetry; molecular sieving; mutation analysis; mutation disrupting interaction; sequence based prediction,Semliki forest virus,550,2432,527,43.8,True,1,506,1337,1803,1785,1790,24623412 25658430 23087212,true positive,,9,0
P08411,POLN_SFV,ELME000409,LIG_G3BP_FGDF_1,G3BP binding motif,The FGDF motif binds to a hydrophobic binding cleft within the N-terminal NTF2-like domain of the stress granule protein G3BP.,PF02136,NTF2,Nuclear transport factor 2 (NTF2) domain,[FYLIMV].FG[DES]F,1.19535010484e-06,alanine scanning; anti tag coimmunoprecipitation; coimmunoprecipitation; green fluorescent protein tag; isothermal titration calorimetry; molecular sieving; mutation analysis; mutation disrupting interaction; sequence based prediction,Semliki forest virus,550,2432,527,43.8,False,1,506,1337,1803,1802,1807,24623412 25658430 23087212,true positive,,9,0
P08411,POLN_SFV,ELME000501,LIG_SH3_CIN85_PxpxPR_1,CIN85 and CD2AP SH3 domain binding motif ,"The non-canonical SH3-binding motif is recognized primarily by adaptor proteins CIN85 and CD2AP, which are involved in RTK regulation, endocytosis, lysosomal degradation, actin cytoskeleton dynamics regulation, and signal transduction",PF14604,SH3_9,Variant SH3 domain,P.[AP].PR,9.56222155299e-05,coimmunoprecipitation; detection by mass spectrometry; mutation analysis; western blot,Semliki forest virus,550,2432,527,43.8,True,1,506,1337,1803,1764,1769,29702546,true positive,,60,4
P08411,POLN_SFV,ELME000501,LIG_SH3_CIN85_PxpxPR_1,CIN85 and CD2AP SH3 domain binding motif ,"The non-canonical SH3-binding motif is recognized primarily by adaptor proteins CIN85 and CD2AP, which are involved in RTK regulation, endocytosis, lysosomal degradation, actin cytoskeleton dynamics regulation, and signal transduction",PF14604,SH3_9,Variant SH3 domain,P.[AP].PR,9.56222155299e-05,coimmunoprecipitation; detection by mass spectrometry; mutation analysis; western blot,Semliki forest virus,550,2432,527,43.8,True,1,506,1337,1803,1771,1776,29702546,true positive,,60,4
P27282,POLN_EEVVT,ELME000501,LIG_SH3_CIN85_PxpxPR_1,CIN85 and CD2AP SH3 domain binding motif ,"The non-canonical SH3-binding motif is recognized primarily by adaptor proteins CIN85 and CD2AP, which are involved in RTK regulation, endocytosis, lysosomal degradation, actin cytoskeleton dynamics regulation, and signal transduction",PF14604,SH3_9,Variant SH3 domain,P.[AP].PR,9.56222155299e-05,coimmunoprecipitation; detection by mass spectrometry; western blot,Venezuelan equine encephalitis virus (strain Trinidad donkey),550,2493,330,54.5,False,1,326,1330,1659,1787,1792,31694937,true positive,,60,4
P27282,POLN_EEVVT,ELME000501,LIG_SH3_CIN85_PxpxPR_1,CIN85 and CD2AP SH3 domain binding motif ,"The non-canonical SH3-binding motif is recognized primarily by adaptor proteins CIN85 and CD2AP, which are involved in RTK regulation, endocytosis, lysosomal degradation, actin cytoskeleton dynamics regulation, and signal transduction",PF14604,SH3_9,Variant SH3 domain,P.[AP].PR,9.56222155299e-05,coimmunoprecipitation; detection by mass spectrometry; western blot,Venezuelan equine encephalitis virus (strain Trinidad donkey),550,2493,330,54.5,False,1,326,1330,1659,1799,1804,31694937,true positive,,60,4
P87515,POLN_BFV,ELME000501,LIG_SH3_CIN85_PxpxPR_1,CIN85 and CD2AP SH3 domain binding motif ,"The non-canonical SH3-binding motif is recognized primarily by adaptor proteins CIN85 and CD2AP, which are involved in RTK regulation, endocytosis, lysosomal degradation, actin cytoskeleton dynamics regulation, and signal transduction",PF14604,SH3_9,Variant SH3 domain,P.[AP].PR,9.56222155299e-05,coimmunoprecipitation; western blot,Barmah Forest virus,550,2411,317,54.3,False,1,317,1332,1647,1693,1698,29702546,true positive,,60,4
P87515,POLN_BFV,ELME000501,LIG_SH3_CIN85_PxpxPR_1,CIN85 and CD2AP SH3 domain binding motif ,"The non-canonical SH3-binding motif is recognized primarily by adaptor proteins CIN85 and CD2AP, which are involved in RTK regulation, endocytosis, lysosomal degradation, actin cytoskeleton dynamics regulation, and signal transduction",PF14604,SH3_9,Variant SH3 domain,P.[AP].PR,9.56222155299e-05,coimmunoprecipitation; western blot,Barmah Forest virus,550,2411,317,54.3,False,1,317,1332,1647,1703,1708,29702546,true positive,,60,4
P87515,POLN_BFV,ELME000501,LIG_SH3_CIN85_PxpxPR_1,CIN85 and CD2AP SH3 domain binding motif ,"The non-canonical SH3-binding motif is recognized primarily by adaptor proteins CIN85 and CD2AP, which are involved in RTK regulation, endocytosis, lysosomal degradation, actin cytoskeleton dynamics regulation, and signal transduction",PF14604,SH3_9,Variant SH3 domain,P.[AP].PR,9.56222155299e-05,coimmunoprecipitation; western blot,Barmah Forest virus,550,2411,317,54.3,False,1,317,1332,1647,1737,1742,29702546,true positive,,60,4
