Isolate,CLV_C14_Caspase3-7,CLV_NRD_NRD_1,CLV_PCSK_FUR_1,CLV_PCSK_KEX2_1,CLV_PCSK_PC1ET2_1,CLV_PCSK_PC7_1,CLV_PCSK_SKI1_1,CLV_Separin_Metazoa,DEG_APCC_DBOX_1,DEG_SCF_FBW7_1,DEG_SIAH_1,DEG_SPOP_SBC_1,DOC_CKS1_1,DOC_CYCLIN_RevRxL_6,DOC_CYCLIN_yCln2_LP_2,DOC_MAPK_MEF2A_6,DOC_MAPK_RevD_3,DOC_MAPK_gen_1,DOC_PP1_RVXF_1,DOC_PP2A_B56_1,DOC_USP7_MATH_1,DOC_USP7_MATH_2,DOC_USP7_UBL2_3,DOC_WW_Pin1_4,LIG_14-3-3_CanoR_1,LIG_APCC_ABBA_1,LIG_APCC_ABBAyCdc20_2,LIG_Actin_WH2_2,LIG_Arc_Nlobe_1,LIG_BIR_III_3,LIG_BIR_II_1,LIG_BRCT_BRCA1_1,LIG_CaM_NSCaTE_8,LIG_CtBP_PxDLS_1,LIG_EH1_1,LIG_FHA_1,LIG_FHA_2,LIG_G3BP_FGDF_1,LIG_IRF7_LxLS_2,LIG_LIR_Apic_2,LIG_LIR_Gen_1,LIG_LIR_Nem_3,LIG_PCNA_PIPBox_1,LIG_PDZ_Class_3,LIG_PTAP_UEV_1,LIG_PTB_Apo_2,LIG_PTB_Phospho_1,LIG_Pex14_1,LIG_Pex14_2,LIG_SH2_CRK,LIG_SH2_PTP2,LIG_SH2_SFK_2,LIG_SH2_STAP1,LIG_SH2_STAT3,LIG_SH2_STAT5,LIG_SH3_1,LIG_SH3_2,LIG_SH3_3,LIG_SH3_CIN85_PxpxPR_1,LIG_SUMO_SIM_anti_2,LIG_SUMO_SIM_par_1,LIG_TRAF2like_MATH_loPxQ_2,LIG_TRAF2like_MATH_shPxQ_1,LIG_TYR_ITIM,LIG_WD40_WDR5_VDV_1,LIG_WD40_WDR5_VDV_2,LIG_WD40_WDR5_WIN_2,LIG_WRC_WIRS_1,LIG_WW_3,LIG_eIF4E_1,MOD_CDC14_SPxK_1,MOD_CDK_SPK_2,MOD_CDK_SPxK_1,MOD_CDK_SPxxK_3,MOD_CK1_1,MOD_CK2_1,MOD_Cter_Amidation,MOD_GSK3_1,MOD_GlcNHglycan,MOD_LATS_1,MOD_N-GLC_1,MOD_NEK2_2,MOD_PIKK_1,MOD_PKA_1,MOD_PKA_2,MOD_PKB_1,MOD_PK_1,MOD_Plk_1,MOD_Plk_2-3,MOD_Plk_4,MOD_ProDKin_1,MOD_SUMO_for_1,MOD_SUMO_rev_2,TRG_DiLeu_BaEn_1,TRG_DiLeu_BaLyEn_6,TRG_ENDOCYTIC_2,TRG_ER_diArg_1,TRG_NESrev_CRM1_2,TRG_NLS_MonoCore_2,TRG_NLS_MonoExtC_3,TRG_NLS_MonoExtN_4,TRG_Pf-PMV_PEXEL_1
AF492770.1,1,1,1,1,1,1,1,0,0,0,0,1,1,1,1,1,1,1,1,1,1,1,1,1,1,1,0,0,1,1,1,0,0,1,1,1,1,1,0,1,1,1,0,0,0,0,0,1,0,1,0,0,0,0,1,0,1,1,1,0,0,0,0,0,1,1,0,1,1,0,1,0,1,1,1,1,1,1,1,0,1,1,1,0,1,0,0,1,1,1,1,1,1,0,1,1,1,0,1,1,1,0
GU361116.2,1,1,1,1,1,1,1,0,0,0,0,1,1,0,0,1,1,1,1,1,1,1,1,1,1,1,0,0,1,0,1,1,0,0,1,1,1,1,0,1,1,1,0,0,0,0,0,1,0,1,1,0,0,0,1,0,1,1,1,1,0,0,0,0,1,1,0,1,1,0,1,0,1,1,1,1,1,1,1,0,1,0,1,1,1,1,0,1,1,1,1,1,1,1,1,1,1,0,0,1,1,0
GU361118.2,1,1,1,1,1,1,1,0,0,0,0,1,1,0,0,1,1,1,1,1,1,1,1,1,1,1,0,0,1,0,1,1,0,0,1,1,1,1,0,1,1,1,0,0,0,0,0,1,0,1,1,0,0,0,1,0,1,1,1,1,0,0,0,0,1,1,0,1,1,0,1,0,1,1,1,1,1,1,1,0,1,0,1,1,1,1,0,1,1,1,1,1,1,1,1,1,1,0,0,1,1,0
HM147984.1,1,1,1,1,1,1,1,0,0,1,0,1,1,0,0,1,1,1,1,1,1,1,1,1,1,1,0,0,1,0,1,1,0,0,1,1,1,1,0,1,1,1,0,0,0,0,0,1,1,1,1,0,0,0,1,0,1,1,1,1,0,0,0,0,1,1,0,1,1,0,1,0,1,1,1,1,1,1,1,0,0,0,1,1,1,1,0,1,1,1,1,1,1,1,1,1,1,1,0,1,1,0
J02363.1,1,1,1,1,1,1,1,0,0,1,0,1,1,1,0,1,1,1,1,1,1,1,1,1,1,1,0,0,1,0,1,0,1,0,1,1,1,1,0,1,1,1,0,0,1,0,0,1,0,1,1,0,0,0,1,1,1,1,1,1,0,1,0,0,1,1,0,1,1,0,1,0,1,1,1,1,1,1,1,0,1,0,0,1,1,1,0,1,1,1,1,1,1,1,1,1,1,1,0,1,1,0
JQ771793.1,1,1,1,1,1,1,1,0,0,0,0,1,1,0,0,1,1,1,1,1,1,1,1,1,1,1,0,0,1,0,1,1,0,0,1,1,1,1,0,1,1,1,0,0,0,0,0,1,0,1,1,0,0,0,1,0,1,1,1,1,0,0,0,0,1,1,0,1,1,0,1,0,1,1,1,1,1,1,1,0,1,0,1,1,1,1,0,1,1,1,1,1,1,1,1,1,1,0,0,1,1,0
JQ771794.1,1,1,1,1,1,1,1,0,0,0,0,1,1,0,0,1,1,1,1,1,1,1,1,1,1,1,0,0,1,0,1,1,0,0,1,1,1,1,0,1,1,1,0,0,0,0,0,1,0,1,1,0,0,0,1,0,1,1,1,1,0,0,0,0,1,1,0,1,1,0,1,0,1,1,1,1,1,1,1,0,1,0,1,1,1,1,0,1,1,1,1,1,1,1,1,1,1,0,0,1,1,0
JQ771795.1,1,1,1,1,1,1,1,0,0,0,0,1,1,0,0,1,1,1,1,1,1,1,1,1,1,1,0,0,1,0,1,1,0,0,1,1,1,1,0,1,1,1,0,0,0,0,0,1,0,1,1,0,0,0,1,0,1,1,1,1,0,0,0,0,1,1,0,1,1,0,1,0,1,1,1,1,1,1,1,0,1,0,1,1,1,1,0,1,1,1,1,1,1,1,1,1,1,0,0,1,1,0
JQ771796.1,1,1,1,1,1,1,1,0,0,0,0,1,1,0,0,1,1,1,1,1,1,1,1,1,1,1,0,0,1,0,1,1,0,0,1,1,1,1,0,1,1,1,0,0,0,0,0,1,0,1,1,0,0,0,1,0,1,1,1,0,0,0,0,0,1,1,0,1,1,0,1,0,1,1,1,1,1,1,1,0,1,0,1,1,1,1,0,1,1,1,1,1,1,1,1,1,1,0,0,1,1,0
JQ771797.1,1,1,1,1,1,1,1,0,0,0,0,1,1,0,0,1,1,1,1,1,1,1,1,1,1,1,0,0,1,0,1,1,0,0,1,1,1,1,0,1,1,1,0,0,0,0,0,1,0,1,1,0,0,0,1,0,1,1,1,1,0,0,0,0,1,1,0,1,1,0,1,0,1,1,1,1,1,1,1,0,1,0,1,1,1,1,0,1,1,1,1,1,1,1,1,1,1,0,0,1,1,0
JQ771798.1,1,1,1,1,1,1,1,0,0,0,0,1,1,0,0,1,1,1,1,1,1,1,1,1,1,1,0,0,1,0,1,1,0,0,1,1,1,1,0,1,1,1,0,0,0,0,0,1,0,1,1,0,0,0,1,0,1,1,1,1,0,0,0,0,1,1,0,1,1,0,1,0,1,1,1,1,1,1,1,0,1,0,1,1,1,1,0,1,1,1,1,1,1,1,1,1,1,0,0,1,1,0
JQ771799.1,1,1,1,1,1,1,1,0,0,0,0,1,1,0,0,1,1,1,1,1,1,1,1,1,1,1,0,0,1,0,1,1,0,0,1,1,1,1,0,1,1,1,0,0,0,0,0,1,0,1,1,0,0,0,1,0,1,1,1,1,0,0,0,0,1,1,0,1,1,0,1,0,1,1,1,1,1,1,1,0,1,0,1,1,1,1,0,1,1,1,1,1,1,1,1,1,1,0,0,1,1,0
JX570540.1,1,1,1,1,1,1,1,0,0,0,0,1,1,0,0,1,1,1,1,1,1,1,1,1,1,1,0,0,1,0,1,1,0,0,1,1,1,1,0,1,1,1,0,0,0,0,0,1,0,1,1,0,0,0,1,0,1,1,1,1,0,0,0,0,1,1,0,1,1,0,1,0,1,1,1,1,1,1,1,0,1,0,1,1,1,1,0,1,1,1,1,1,1,1,1,1,1,0,0,1,1,0
KF737350.1,1,1,1,1,1,1,1,0,0,0,0,1,1,0,0,1,1,1,1,1,1,1,1,1,1,1,0,0,1,0,1,1,0,0,1,1,1,1,0,1,1,1,0,0,0,0,0,1,0,1,1,0,0,0,1,0,1,1,1,1,0,0,0,0,1,1,0,1,1,0,1,0,1,1,1,1,1,1,1,0,1,0,1,1,1,1,0,1,1,1,1,1,1,1,1,1,1,0,0,1,1,0
KT121582.1,1,1,1,1,1,1,1,0,0,1,0,1,1,1,0,1,1,1,1,1,1,1,1,1,1,1,0,0,1,0,1,0,1,0,1,1,1,1,0,1,1,1,0,0,1,0,0,1,0,1,1,0,0,0,1,1,1,1,1,1,0,1,0,0,1,1,0,1,1,0,1,0,1,1,1,1,1,1,1,0,1,0,0,1,1,1,0,1,1,1,1,1,1,1,1,1,1,1,0,1,1,0
KT121583.1,1,1,1,1,1,1,1,0,0,1,0,1,1,1,0,1,1,1,1,1,1,1,1,1,1,1,0,0,1,0,1,0,1,0,1,1,1,1,0,1,1,1,0,0,1,0,0,1,0,1,1,0,0,0,1,1,1,1,1,1,0,1,0,0,1,1,0,1,1,0,1,0,1,1,1,1,1,1,1,0,1,0,0,1,1,1,0,1,1,1,1,1,1,1,1,1,1,1,0,1,1,0
KT121584.1,1,1,1,1,1,1,1,0,0,1,0,1,1,1,0,1,1,1,1,1,1,1,1,1,1,1,0,0,1,0,1,0,1,0,1,1,1,1,0,1,1,1,0,0,1,0,0,1,0,1,1,0,0,0,1,1,1,1,1,1,0,1,0,0,1,1,0,1,1,0,1,0,1,1,1,1,1,1,1,0,1,0,0,1,1,1,0,1,1,1,1,1,1,1,1,1,1,1,0,1,1,0
KT121585.1,1,1,1,1,1,1,1,0,0,1,0,1,1,1,0,1,1,1,1,1,1,1,1,1,1,1,0,0,1,0,1,0,1,0,1,1,1,1,0,1,1,1,0,0,1,0,0,1,0,1,1,0,0,0,1,1,1,1,1,1,0,1,0,0,1,1,0,1,1,0,1,0,1,1,1,1,1,1,1,0,1,0,0,1,1,1,0,1,1,1,1,1,1,1,1,1,1,1,0,1,1,0
KT121586.1,1,1,1,1,1,1,1,0,0,1,0,1,1,1,0,1,1,1,1,1,1,1,1,1,1,1,0,0,1,0,1,0,1,0,1,1,1,1,0,1,1,1,0,0,1,0,0,1,0,1,1,0,0,0,1,1,1,1,1,1,0,1,0,0,1,1,0,1,1,0,1,0,1,1,1,1,1,1,1,0,1,0,0,1,1,1,0,1,1,1,1,1,1,1,1,1,1,1,0,1,1,0
KT121587.1,1,1,1,1,1,1,1,0,0,1,0,1,1,1,0,1,1,1,1,1,1,1,1,1,1,1,0,0,1,0,1,0,1,0,1,1,1,1,0,1,1,1,0,0,1,0,0,1,0,1,1,0,0,0,1,1,1,1,1,1,0,1,0,0,1,1,0,1,1,0,1,0,1,1,1,1,1,1,1,0,1,0,0,1,1,1,0,1,1,1,1,1,1,1,1,1,1,1,0,1,1,0
KT121588.1,1,1,1,1,1,1,1,0,0,1,0,1,1,1,0,1,1,1,1,1,1,1,1,1,1,1,0,0,1,0,1,0,1,0,1,1,1,1,0,1,1,1,0,0,1,0,0,1,0,1,1,0,0,0,1,1,1,1,1,1,0,1,0,0,1,1,0,1,1,0,1,0,1,1,1,1,1,1,1,0,1,0,0,1,1,1,0,1,1,1,1,1,1,1,1,1,1,1,0,1,1,0
KT121589.1,1,1,1,1,1,1,1,0,0,1,0,1,1,1,0,1,1,1,1,1,1,1,1,1,1,1,0,0,1,0,1,0,1,0,1,1,1,1,0,1,1,1,0,0,1,0,0,1,0,1,1,0,0,0,1,1,1,1,1,1,0,1,0,0,1,1,0,1,1,0,1,0,1,1,1,1,1,1,1,0,1,0,0,1,1,1,0,1,1,1,1,1,1,1,1,1,1,1,0,1,1,0
KT121590.1,1,1,1,1,1,1,1,0,0,1,0,1,1,1,0,1,1,1,1,1,1,1,1,1,1,1,0,0,1,0,1,0,1,0,1,1,1,1,0,1,1,1,0,0,1,0,0,1,0,1,1,0,0,0,1,1,1,1,1,1,0,1,0,0,1,1,0,1,1,0,1,0,1,1,1,1,1,1,1,0,1,0,0,1,1,1,0,1,1,1,1,1,1,1,1,1,1,1,0,1,1,0
KT121591.1,1,1,1,1,1,1,1,0,0,1,0,1,1,1,0,1,1,1,1,1,1,1,1,1,1,1,0,0,1,0,1,0,1,0,1,1,1,1,0,1,1,1,0,0,1,0,0,1,0,1,1,0,0,0,1,1,1,1,1,1,0,1,0,0,1,1,0,1,1,0,1,0,1,1,1,1,1,1,1,0,1,0,0,1,1,1,0,1,1,1,1,1,1,1,1,1,1,1,0,1,1,0
KT121592.1,1,1,1,1,1,1,1,0,0,1,0,1,1,1,0,1,1,1,1,1,1,1,1,1,1,1,0,0,1,0,1,0,1,0,1,1,1,1,0,1,1,1,0,0,1,0,0,1,0,1,1,0,0,0,1,1,1,1,1,1,0,1,0,0,1,1,0,1,1,0,1,0,1,1,1,1,1,1,1,0,1,0,0,1,1,1,0,1,1,1,1,1,1,1,1,1,1,1,0,1,1,0
KT121593.1,1,1,1,1,1,1,1,0,0,1,0,1,1,1,0,1,1,1,1,1,1,1,1,1,1,1,0,0,1,0,1,0,1,0,1,1,1,1,0,1,1,1,0,0,1,0,0,1,0,1,1,0,0,0,1,1,1,1,1,1,0,1,0,0,1,1,0,1,1,0,1,0,1,1,1,1,1,1,1,0,1,0,0,1,1,1,0,1,1,1,1,1,1,1,1,1,1,1,0,1,1,0
KT121594.1,1,1,1,1,1,1,1,0,0,1,0,1,1,1,0,1,1,1,1,1,1,1,1,1,1,1,0,0,1,0,1,0,1,0,1,1,1,1,0,1,1,1,0,0,1,0,0,1,0,1,1,0,0,0,1,1,1,1,1,1,0,1,0,0,1,1,0,1,1,0,1,0,1,1,1,1,1,1,1,0,1,0,0,1,1,1,0,1,1,1,1,1,1,1,1,1,1,1,0,1,1,0
KT121595.1,1,1,1,1,1,1,1,0,0,1,0,1,1,1,0,1,1,1,1,1,1,1,1,1,1,1,0,0,1,0,1,0,1,0,1,1,1,1,0,1,1,1,0,0,1,0,0,1,0,1,1,0,0,0,1,1,1,1,1,1,0,1,0,0,1,1,0,1,1,0,1,0,1,1,1,1,1,1,1,0,1,0,0,1,1,1,0,1,1,1,1,1,1,1,1,1,1,1,0,1,1,0
KT121596.1,1,1,1,1,1,1,1,0,0,1,0,1,1,1,0,1,1,1,1,1,1,1,1,1,1,1,0,0,1,0,1,0,1,0,1,1,1,1,0,1,1,1,0,0,1,0,0,1,0,1,1,0,0,0,1,1,1,1,1,1,0,1,0,0,1,1,0,1,1,0,1,0,1,1,1,1,1,1,1,0,1,0,0,1,1,1,0,1,1,1,1,1,1,1,1,1,1,1,0,1,1,0
KT121597.1,1,1,1,1,1,1,1,0,0,1,0,1,1,1,0,1,1,1,1,1,1,1,1,1,1,1,0,0,1,0,1,0,1,0,1,1,1,1,0,1,1,1,0,0,1,0,0,1,0,1,1,0,0,0,1,1,1,1,1,1,0,1,0,0,1,1,0,1,1,0,1,0,1,1,1,1,1,1,1,0,1,0,0,1,1,1,0,1,1,1,1,1,1,1,1,1,1,1,0,1,1,0
KT121598.1,1,1,1,1,1,1,1,0,0,1,0,1,1,1,0,1,1,1,1,1,1,1,1,1,1,1,0,0,1,0,1,0,1,0,1,1,1,1,0,1,1,1,0,0,1,0,0,1,0,1,1,0,0,0,1,1,1,1,1,1,0,1,0,0,1,1,0,1,1,0,1,0,1,1,1,1,1,1,1,0,1,0,0,1,1,1,0,1,1,1,1,1,1,1,1,1,1,1,0,1,1,0
KT121599.1,1,1,1,1,1,1,1,0,0,1,0,1,1,1,0,1,1,1,1,1,1,1,1,1,1,1,0,0,1,0,1,0,1,0,1,1,1,1,0,1,1,1,0,0,1,0,0,1,0,1,1,0,0,0,1,1,1,1,1,1,0,1,0,0,1,1,0,1,1,0,1,0,1,1,1,1,1,1,1,0,1,0,0,1,1,1,0,1,1,1,1,1,1,1,1,1,1,1,0,1,1,0
KT121600.1,1,1,1,1,1,1,1,0,0,1,0,1,1,1,0,1,1,1,1,1,1,1,1,1,1,1,0,0,1,0,1,0,1,0,1,1,1,1,0,1,1,1,0,0,1,0,0,1,0,1,1,0,0,0,1,1,1,1,1,1,0,1,0,0,1,1,0,1,1,0,1,0,1,1,1,1,1,1,1,0,1,0,0,1,1,1,0,1,1,1,1,1,1,1,1,1,1,1,0,1,1,0
KT121601.1,1,1,1,1,1,1,1,0,0,1,0,1,1,1,0,1,1,1,1,1,1,1,1,1,1,1,0,0,1,0,1,0,1,0,1,1,1,1,0,1,1,1,0,0,1,0,0,1,0,1,1,0,0,0,1,1,1,1,1,1,0,1,0,0,1,1,0,1,1,0,1,0,1,1,1,1,1,1,1,0,1,0,0,1,1,1,0,1,1,1,1,1,1,1,1,1,1,1,0,1,1,0
KT121602.1,1,1,1,1,1,1,1,0,0,1,0,1,1,1,0,1,1,1,1,1,1,1,1,1,1,1,0,0,1,0,1,0,1,0,1,1,1,1,0,1,1,1,0,0,1,0,0,1,0,1,1,0,0,0,1,1,1,1,1,1,0,1,0,0,1,1,0,1,1,0,1,0,1,1,1,1,1,1,1,0,1,0,0,1,1,1,0,1,1,1,1,1,1,1,1,1,1,1,0,1,1,0
KT121603.1,1,1,1,1,1,1,1,0,0,1,0,1,1,1,0,1,1,1,1,1,1,1,1,1,1,1,0,0,1,0,1,0,1,0,1,1,1,1,0,1,1,1,0,0,1,0,0,1,0,1,1,0,0,0,1,1,1,1,1,1,0,1,0,0,1,1,0,1,1,0,1,0,1,1,1,1,1,1,1,0,1,0,0,1,1,1,0,1,1,1,1,1,1,1,1,1,1,1,0,1,1,0
KT121604.1,1,1,1,1,1,1,1,0,0,1,0,1,1,1,0,1,1,1,1,1,1,1,1,1,1,1,0,0,1,0,1,0,1,0,1,1,1,1,0,1,1,1,0,0,1,0,0,1,0,1,1,0,0,0,1,1,1,1,1,1,0,1,0,0,1,1,0,1,1,0,1,0,1,1,1,1,1,1,1,0,1,0,0,1,1,1,0,1,1,1,1,1,1,1,1,1,1,1,0,1,1,0
KT121605.1,1,1,1,1,1,1,1,0,0,1,0,1,1,1,0,1,1,1,1,1,1,1,1,1,1,1,0,0,1,0,1,0,1,0,1,1,1,1,0,1,1,1,0,0,1,0,0,1,0,1,1,0,0,0,1,1,1,1,1,1,0,1,0,0,1,1,0,1,1,0,1,0,1,1,1,1,1,1,1,0,1,0,0,1,1,1,0,1,1,1,1,1,1,1,1,1,1,1,0,1,1,0
KT121606.1,1,1,1,1,1,1,1,0,0,1,0,1,1,1,0,1,1,1,1,1,1,1,1,1,1,1,0,0,1,0,1,0,1,0,1,1,1,1,0,1,1,1,0,0,1,0,0,1,0,1,1,0,0,0,1,1,1,1,1,1,0,1,0,0,1,1,0,1,1,0,1,0,1,1,1,1,1,1,1,0,1,0,0,1,1,1,0,1,1,1,1,1,1,1,1,1,1,1,0,1,1,0
KT121607.1,1,1,1,1,1,1,1,0,0,1,0,1,1,1,0,1,1,1,1,1,1,1,1,1,1,1,0,0,1,0,1,0,1,0,1,1,1,1,0,1,1,1,0,0,1,0,0,1,0,1,1,0,0,0,1,1,1,1,1,1,0,1,0,0,1,1,0,1,1,0,1,0,1,1,1,1,1,1,1,0,1,0,0,1,1,1,0,1,1,1,1,1,1,1,1,1,1,1,0,1,1,0
KT121608.1,1,1,1,1,1,1,1,0,0,1,0,1,1,1,0,1,1,1,1,1,1,1,1,1,1,1,0,0,1,0,1,0,1,0,1,1,1,1,0,1,1,1,0,0,1,0,0,1,0,1,1,0,0,0,1,1,1,1,1,1,0,1,0,0,1,1,0,1,1,0,1,0,1,1,1,1,1,1,1,0,1,0,0,1,1,1,0,1,1,1,1,1,1,1,1,1,1,1,0,1,1,0
KT121609.1,1,1,1,1,1,1,1,0,0,1,0,1,1,1,0,1,1,1,1,1,1,1,1,1,1,1,0,0,1,0,1,0,1,0,1,1,1,1,0,1,1,1,0,0,1,0,0,1,0,1,1,0,0,0,1,1,1,1,1,1,0,1,0,0,1,1,0,1,1,0,1,0,1,1,1,1,1,1,1,0,1,0,0,1,1,1,0,1,1,1,1,1,1,1,1,1,1,1,0,1,1,0
KT121610.1,1,1,1,1,1,1,1,0,0,1,0,1,1,1,0,1,1,1,1,1,1,1,1,1,1,1,0,0,1,0,1,0,1,0,1,1,1,1,0,1,1,1,0,0,1,0,0,1,0,1,1,0,0,0,1,1,1,1,1,1,0,1,0,0,1,1,0,1,1,0,1,0,1,1,1,1,1,1,1,0,1,0,0,1,1,1,0,1,1,1,1,1,1,1,1,1,1,1,0,1,1,0
KT121611.1,1,1,1,1,1,1,1,0,0,1,0,1,1,1,0,1,1,1,1,1,1,1,1,1,1,1,0,0,1,0,1,0,1,0,1,1,1,1,0,1,1,1,0,0,1,0,0,1,0,1,1,0,0,0,1,1,1,1,1,1,0,1,0,0,1,1,0,1,1,0,1,0,1,1,1,1,1,1,1,0,1,0,0,1,1,1,0,1,1,1,1,1,1,1,1,1,1,1,0,1,1,0
KT121612.1,1,1,1,1,1,1,1,0,0,1,0,1,1,1,0,1,1,1,1,1,1,1,1,1,1,1,0,0,1,0,1,0,1,0,1,1,1,1,0,1,1,1,0,0,1,0,0,1,0,1,1,0,0,0,1,1,1,1,1,1,0,1,0,0,1,1,0,1,1,0,1,0,1,1,1,1,1,1,1,0,1,0,0,1,1,1,0,1,1,1,1,1,1,1,1,1,1,1,0,1,1,0
KT121613.1,1,1,1,1,1,1,1,0,0,1,0,1,1,1,0,1,1,1,1,1,1,1,1,1,1,1,0,0,1,0,1,0,1,0,1,1,1,1,0,1,1,1,0,0,1,0,0,1,0,1,1,0,0,0,1,1,1,1,1,1,0,1,0,0,1,1,0,1,1,0,1,0,1,1,1,1,1,1,1,0,1,0,0,1,1,1,0,1,1,1,1,1,1,1,1,1,1,1,0,1,1,0
KT121614.1,1,1,1,1,1,1,1,0,0,1,0,1,1,1,0,1,1,1,1,1,1,1,1,1,1,1,0,0,1,0,1,0,1,0,1,1,1,1,0,1,1,1,0,0,1,0,0,1,0,1,1,0,0,0,1,1,1,1,1,1,0,1,0,0,1,1,0,1,1,0,1,0,1,1,1,1,1,1,1,0,1,0,0,1,1,1,0,1,1,1,1,1,1,1,1,1,1,1,0,1,1,0
KT121615.1,1,1,1,1,1,1,1,0,0,1,0,1,1,1,0,1,1,1,1,1,1,1,1,1,1,1,0,0,1,0,1,0,1,0,1,1,1,1,0,1,1,1,0,0,1,0,0,1,0,1,1,0,0,0,1,1,1,1,1,1,0,1,0,0,1,1,0,1,1,0,1,0,1,1,1,1,1,1,1,0,1,0,0,1,1,1,0,1,1,1,1,1,1,1,1,1,1,1,0,1,1,0
KT121616.1,1,1,1,1,1,1,1,0,0,1,0,1,1,1,0,1,1,1,1,1,1,1,1,1,1,1,0,0,1,0,1,0,1,0,1,1,1,1,0,1,1,1,0,0,1,0,0,1,0,1,1,0,0,0,1,1,1,1,1,1,0,1,0,0,1,1,0,1,1,0,1,0,1,1,1,1,1,1,1,0,1,0,0,1,1,1,0,1,1,1,1,1,1,1,1,1,1,1,0,1,1,0
KT121617.1,1,1,1,1,1,1,1,0,0,1,0,1,1,1,0,1,1,1,1,1,1,1,1,1,1,1,0,0,1,0,1,0,1,0,1,1,1,1,0,1,1,1,0,0,1,0,0,1,0,1,1,0,0,0,1,1,1,1,1,1,0,1,0,0,1,1,0,1,1,0,1,0,1,1,1,1,1,1,1,0,1,0,0,1,1,1,0,1,1,1,1,1,1,1,1,1,1,1,0,1,1,0
KT121618.1,1,1,1,1,1,1,1,0,0,1,0,1,1,1,0,1,1,1,1,1,1,1,1,1,1,1,0,0,1,0,1,0,1,0,1,1,1,1,0,1,1,1,0,0,1,0,0,1,0,1,1,0,0,0,1,0,1,1,1,1,0,1,0,0,1,1,0,1,1,0,1,0,1,1,1,1,1,1,1,0,1,0,0,1,1,1,0,1,1,1,1,1,1,1,1,1,1,1,0,1,1,0
KT121619.1,1,1,1,1,1,1,1,0,0,1,0,1,1,1,0,1,1,1,1,1,1,1,1,1,1,1,0,0,1,0,1,0,1,0,1,1,1,1,0,1,1,1,0,0,1,0,0,1,0,1,1,0,0,0,1,1,1,1,1,1,0,1,0,0,1,1,0,1,1,0,1,0,1,1,1,1,1,1,1,0,1,0,0,1,1,1,0,1,1,1,1,1,1,1,1,1,1,1,0,1,1,0
KT121620.1,1,1,1,1,1,1,1,0,0,1,0,1,1,1,0,1,1,1,1,1,1,1,1,1,1,1,0,0,1,0,1,0,1,0,1,1,1,1,0,1,1,1,0,0,1,0,0,1,0,1,1,0,0,0,1,1,1,1,1,1,0,1,0,0,1,1,0,1,1,0,1,0,1,1,1,1,1,1,1,0,1,0,0,1,1,1,0,1,1,1,1,1,1,1,1,1,1,1,0,1,1,0
KT121621.1,1,1,1,1,1,1,1,0,0,1,0,1,1,1,0,1,1,1,1,1,1,1,1,1,1,1,0,0,1,0,1,0,1,0,1,1,1,1,0,1,1,1,0,0,1,0,0,1,0,1,1,0,0,0,1,1,1,1,1,1,0,1,0,0,1,1,0,1,1,0,1,0,1,1,1,1,1,1,1,0,1,0,0,1,1,1,0,1,1,1,1,1,1,1,1,1,1,1,0,1,1,0
KT121622.1,1,1,1,1,1,1,1,0,0,1,0,1,1,1,0,1,1,1,1,1,1,1,1,1,1,1,0,0,1,0,1,0,1,0,1,1,1,1,0,1,1,1,0,0,1,0,0,1,0,1,1,0,0,0,1,1,1,1,1,1,0,1,0,0,1,1,0,1,1,0,1,0,1,1,1,1,1,1,1,0,1,0,0,1,1,1,0,1,1,1,1,1,1,1,1,1,1,1,0,1,1,0
KT121623.1,1,1,1,1,1,1,1,0,0,1,0,1,1,1,0,1,1,1,1,1,1,1,1,1,1,1,0,0,1,0,1,0,1,0,1,1,1,1,0,1,1,1,0,0,1,0,0,1,0,1,1,0,0,0,1,1,1,1,1,1,0,1,0,0,1,1,0,1,1,0,1,0,1,1,1,1,1,1,1,0,1,0,0,1,1,1,0,1,1,1,1,1,1,1,1,1,1,1,0,1,1,0
KT121624.1,1,1,1,1,1,1,1,0,0,1,0,1,1,1,0,1,1,1,1,1,1,1,1,1,1,1,0,0,1,0,1,0,1,0,1,1,1,1,0,1,1,1,0,0,1,0,0,1,0,1,1,0,0,0,1,1,1,1,1,1,0,1,0,0,1,1,0,1,1,0,1,0,1,1,1,1,1,1,1,0,1,0,0,1,1,1,0,1,1,1,1,1,1,1,1,1,1,1,0,1,1,0
KT121625.1,1,1,1,1,1,1,1,0,0,1,0,1,1,1,0,1,1,1,1,1,1,1,1,1,1,1,0,0,1,0,1,0,1,0,1,1,1,1,0,1,1,1,0,0,1,0,0,1,0,1,1,0,0,0,1,1,1,1,1,1,0,1,0,0,1,1,0,1,1,0,1,0,1,1,1,1,1,1,1,0,1,0,0,1,1,1,0,1,1,1,1,1,1,1,1,1,1,1,0,1,1,0
KT121626.1,1,1,1,1,1,1,1,0,0,1,0,1,1,1,0,1,1,1,1,1,1,1,1,1,1,1,0,0,1,0,1,0,1,0,1,1,1,1,0,1,1,1,0,0,1,0,0,1,0,1,1,0,0,0,1,1,1,1,1,1,0,1,0,0,1,1,0,1,1,0,1,0,1,1,1,1,1,1,1,0,1,0,0,1,1,1,0,1,1,1,1,1,1,1,1,1,1,1,0,1,1,0
KT121627.1,1,1,1,1,1,1,1,0,0,1,0,1,1,1,0,1,1,1,1,1,1,1,1,1,1,1,0,0,1,0,1,0,1,0,1,1,1,1,0,1,1,1,0,0,1,0,0,1,0,1,1,0,0,0,1,1,1,1,1,1,0,1,0,0,1,1,0,1,1,0,1,0,1,1,1,1,1,1,1,0,1,0,0,1,1,1,0,1,1,1,1,1,1,1,1,1,1,1,0,1,1,0
KT121628.1,1,1,1,1,1,1,1,0,0,1,0,1,1,1,0,1,1,1,1,1,1,1,1,1,1,1,0,0,1,0,1,0,1,0,1,1,1,1,0,1,1,1,0,0,1,0,0,1,0,1,1,0,0,0,1,1,1,1,1,1,0,1,0,0,1,1,0,1,1,0,1,0,1,1,1,1,1,1,1,0,1,0,0,1,1,1,0,1,1,1,1,1,1,1,1,1,1,1,0,1,1,0
KT121629.1,1,1,1,1,1,1,1,0,0,1,0,1,1,1,0,1,1,1,1,1,1,1,1,1,1,1,0,0,1,0,1,0,1,0,1,1,1,1,0,1,1,1,0,0,1,0,0,1,0,1,1,0,0,0,1,1,1,1,1,1,0,1,0,0,1,1,0,1,1,0,1,0,1,1,1,1,1,1,1,0,1,0,0,1,1,1,0,1,1,1,1,1,1,1,1,1,1,1,0,1,1,0
KT121630.1,1,1,1,1,1,1,1,0,0,1,0,1,1,1,0,1,1,1,1,1,1,1,1,1,1,1,0,0,1,0,1,0,1,0,1,1,1,1,0,1,1,1,0,0,1,0,0,1,0,1,1,0,0,0,1,1,1,1,1,1,0,1,0,0,1,1,0,1,1,0,1,0,1,1,1,1,1,1,1,0,1,0,0,1,1,1,0,1,1,1,1,1,1,1,1,1,1,1,0,1,1,0
KT121631.1,1,1,1,1,1,1,1,0,0,1,0,1,1,1,0,1,1,1,1,1,1,1,1,1,1,1,0,0,1,0,1,0,1,0,1,1,1,1,0,1,1,1,0,0,1,0,0,1,0,1,1,0,0,0,1,1,1,1,1,1,0,1,0,0,1,1,0,1,1,0,1,0,1,1,1,1,1,1,1,0,1,0,0,1,1,1,0,1,1,1,1,1,1,1,1,1,1,1,0,1,1,0
KT121632.1,1,1,1,1,1,1,1,0,0,1,0,1,1,1,0,1,1,1,1,1,1,1,1,1,1,1,0,0,1,0,1,0,1,0,1,1,1,1,0,1,1,1,0,0,1,0,0,1,0,1,1,0,0,0,1,1,1,1,1,1,0,1,0,0,1,1,0,1,1,0,1,0,1,1,1,1,1,1,1,0,1,0,0,1,1,1,0,1,1,1,1,1,1,1,1,1,1,1,0,1,1,0
KT121633.1,1,1,1,1,1,1,1,0,0,1,0,1,1,1,0,1,1,1,1,1,1,1,1,1,1,1,0,0,1,0,1,0,1,0,1,1,1,1,0,1,1,1,0,0,1,0,0,1,0,1,1,0,0,0,1,1,1,1,1,1,0,1,0,0,1,1,0,1,1,0,1,0,1,1,1,1,1,1,1,0,1,0,0,1,1,1,0,1,1,1,1,1,1,1,1,1,1,1,0,1,1,0
KT121634.1,1,1,1,1,1,1,1,0,0,1,0,1,1,1,0,1,1,1,1,1,1,1,1,1,1,1,0,0,1,0,1,0,1,0,1,1,1,1,0,1,1,1,0,0,1,0,0,1,0,1,1,0,0,0,1,1,1,1,1,1,0,1,0,0,1,1,0,1,1,0,1,0,1,1,1,1,1,1,1,0,1,0,0,1,1,1,0,1,1,1,1,1,1,1,1,1,1,1,0,1,1,0
KT121635.1,1,1,1,1,1,1,1,0,0,1,0,1,1,1,0,1,1,1,1,1,1,1,1,1,1,1,0,0,1,0,1,0,1,0,1,1,1,1,0,1,1,1,0,0,1,0,0,1,0,1,1,0,0,0,1,1,1,1,1,1,0,1,0,0,1,1,0,1,1,0,1,0,1,1,1,1,1,1,1,0,1,0,0,1,1,1,0,1,1,1,1,1,1,1,1,1,1,1,0,1,1,0
KT121636.1,1,1,1,1,1,1,1,0,0,1,0,1,1,1,0,1,1,1,1,1,1,1,1,1,1,1,0,0,1,0,1,0,1,0,1,1,1,1,0,1,1,1,0,0,1,0,0,1,0,1,1,0,0,0,1,1,1,1,1,1,0,1,0,0,1,1,0,1,1,0,1,0,1,1,1,1,1,1,1,0,1,0,0,1,1,1,0,1,1,1,1,1,1,1,1,1,1,1,0,1,1,0
KT121637.1,1,1,1,1,1,1,1,1,0,1,0,1,1,1,0,1,1,1,1,1,1,1,1,1,1,1,0,0,1,0,1,0,1,0,1,1,1,1,0,0,1,1,0,0,1,0,0,1,0,1,1,0,0,0,1,1,1,1,1,1,0,1,0,0,1,1,0,1,1,0,1,0,1,1,1,1,1,1,1,0,1,0,0,1,1,1,0,1,1,1,1,1,1,1,1,1,1,1,0,1,1,0
KT121638.1,1,1,1,1,1,1,1,0,0,1,0,1,1,1,0,1,1,1,1,1,1,1,1,1,1,1,0,0,1,0,1,0,1,0,1,1,1,1,0,1,1,1,0,0,1,0,0,1,0,1,1,0,0,0,1,1,1,1,1,1,0,1,0,0,1,1,0,1,1,0,1,0,1,1,1,1,1,1,1,0,1,0,0,1,1,1,0,1,1,1,1,1,1,1,1,1,1,1,0,1,1,0
KT121639.1,1,1,1,1,1,1,1,0,0,1,0,1,1,1,0,1,1,1,1,1,1,1,1,1,1,1,0,0,1,0,1,0,1,0,1,1,1,1,0,1,1,1,0,0,0,0,0,1,0,1,1,0,0,0,1,1,1,1,1,1,0,1,0,0,1,1,0,1,1,0,1,0,1,1,1,1,1,1,1,0,1,0,0,1,1,1,0,1,1,1,1,1,1,1,1,1,1,1,0,1,1,0
KT121640.1,1,1,1,1,1,1,1,0,0,1,0,1,1,1,0,1,1,1,1,1,1,1,1,1,1,1,0,0,1,0,1,0,1,0,1,1,1,1,0,1,1,1,0,0,1,0,0,1,0,1,1,0,0,0,1,1,1,1,1,1,0,1,0,0,1,1,0,1,1,0,1,0,1,1,1,1,1,1,1,0,1,0,0,1,1,1,0,1,1,1,1,1,1,1,1,1,1,1,0,1,1,0
KT121641.1,1,1,1,1,1,1,1,0,0,1,0,1,1,1,0,1,1,1,1,1,1,1,1,1,1,1,0,0,1,0,1,0,1,0,1,1,1,1,0,1,1,1,0,0,1,0,0,1,0,1,1,0,0,0,1,1,1,1,1,1,0,1,0,0,1,1,0,1,1,0,1,0,1,1,1,1,1,1,1,0,1,0,0,1,1,1,0,1,1,1,1,1,1,1,1,1,1,1,0,1,1,0
KT121642.1,1,1,1,1,1,1,1,0,0,1,0,1,1,1,0,1,1,1,1,1,1,1,1,1,1,1,0,0,1,0,1,0,1,0,1,1,1,1,0,1,1,1,0,0,1,0,0,1,0,1,1,0,0,0,1,1,1,1,1,1,0,1,0,0,1,1,0,1,1,0,1,0,1,1,1,1,1,1,1,0,1,0,0,1,1,1,0,1,1,1,1,1,1,1,1,1,1,1,0,1,1,0
KT121643.1,1,1,1,1,1,1,1,0,0,1,0,1,1,1,0,1,1,1,1,1,1,1,1,1,1,1,0,0,1,0,1,0,1,0,1,1,1,1,0,1,1,1,0,0,1,0,0,1,0,1,1,0,0,0,1,1,1,1,1,1,0,1,0,0,1,1,0,1,1,0,1,0,1,1,1,1,1,1,1,0,1,0,0,1,1,1,0,1,1,1,1,1,1,1,1,1,1,1,0,1,1,0
KT121644.1,1,1,1,1,1,1,1,0,0,1,0,1,1,1,0,1,1,1,1,1,1,1,1,1,1,1,0,0,1,0,1,0,1,0,1,1,1,1,0,1,1,1,0,0,1,0,0,1,0,1,1,0,0,0,1,1,1,1,1,1,0,1,0,0,1,1,0,1,1,0,1,0,1,1,1,1,1,1,1,0,1,0,0,1,1,1,0,1,1,1,1,1,1,1,1,1,1,1,0,1,1,0
KT121645.1,1,1,1,1,1,1,1,0,0,1,0,1,1,1,0,1,1,1,1,1,1,1,1,1,1,1,0,0,1,0,1,0,1,0,1,1,1,1,0,1,1,1,0,0,1,0,0,1,0,1,1,0,0,0,1,1,1,1,1,1,0,1,0,0,1,1,0,1,1,0,1,0,1,1,1,1,1,1,1,0,1,0,0,1,1,1,0,1,1,1,1,1,1,1,1,1,1,1,0,1,1,0
KT121646.1,1,1,1,1,1,1,1,0,0,1,0,1,1,1,0,1,1,1,1,1,1,1,1,1,1,1,0,0,1,0,1,0,1,0,1,1,1,1,0,1,1,1,0,0,1,0,0,1,0,1,1,0,0,0,1,1,1,1,1,1,0,1,0,0,1,1,0,1,1,0,1,0,1,1,1,1,1,1,1,0,1,0,0,1,1,1,0,1,1,1,1,1,1,1,1,1,1,1,0,1,1,0
KT121647.1,1,1,1,1,1,1,1,0,0,1,0,1,1,1,0,1,1,1,1,1,1,1,1,1,1,1,0,0,1,0,1,0,1,0,1,1,1,1,0,1,1,1,0,0,1,0,0,1,0,1,1,0,0,0,1,1,1,1,1,1,0,1,0,0,1,1,0,1,1,0,1,0,1,1,1,1,1,1,1,0,1,0,0,1,1,1,0,1,1,1,1,1,1,1,1,1,1,1,0,1,1,0
KT121648.1,1,1,1,1,1,1,1,0,0,1,0,1,1,1,0,1,1,1,1,1,1,1,1,1,1,1,0,0,1,0,1,0,1,0,1,1,1,1,0,1,1,1,0,0,1,0,0,1,0,1,1,0,0,0,1,1,1,1,1,1,0,1,0,0,1,1,0,1,1,0,1,0,1,1,1,1,1,1,1,0,1,0,0,1,1,1,0,1,1,1,1,1,1,1,1,1,1,1,0,1,1,0
KT121649.1,1,1,1,1,1,1,1,0,0,1,0,1,1,1,0,1,1,1,1,1,1,1,1,1,1,1,0,0,1,0,1,0,1,0,1,1,1,1,0,1,1,1,0,0,1,0,0,1,0,1,1,0,0,0,1,1,1,1,1,1,0,1,0,0,1,1,0,1,1,0,1,0,1,1,1,1,1,1,1,0,1,0,0,1,1,1,0,1,1,1,1,1,1,1,1,1,1,1,0,1,1,0
KT121650.1,1,1,1,1,1,1,1,0,0,1,0,1,1,1,0,1,1,1,1,1,1,1,1,1,1,1,0,0,1,0,1,0,1,0,1,1,1,1,0,1,1,1,0,0,1,0,0,1,0,1,1,0,0,0,1,1,1,1,1,1,0,1,0,0,1,1,0,1,1,0,1,0,1,1,1,1,1,1,1,0,1,0,0,1,1,1,0,1,1,1,1,1,1,1,1,1,1,1,0,1,1,0
KT121651.1,1,1,1,1,1,1,1,0,0,1,0,1,1,1,0,1,1,1,1,1,1,1,1,1,1,1,0,0,1,0,1,0,1,0,1,1,1,1,0,1,1,1,0,0,1,0,0,1,0,1,1,0,0,0,1,1,1,1,1,1,0,1,0,0,1,1,0,1,1,0,1,0,1,1,1,1,1,1,1,0,1,0,0,1,1,1,0,1,1,1,1,1,1,1,1,1,1,1,0,1,1,0
KT121652.1,1,1,1,1,1,1,1,0,0,1,0,1,1,1,0,1,1,1,1,1,1,1,1,1,1,1,0,0,1,0,1,0,1,0,1,1,1,1,0,1,1,1,0,0,1,0,0,1,0,1,1,0,0,0,1,1,1,1,1,1,0,1,0,0,1,1,0,1,1,0,1,0,1,1,1,1,1,1,1,0,1,0,0,1,1,1,0,1,1,1,1,1,1,1,1,1,1,1,0,1,1,0
KT121653.1,1,1,1,1,1,1,1,0,0,1,0,1,1,1,0,1,1,1,1,1,1,1,1,1,1,1,0,0,1,0,1,0,1,0,1,1,1,1,0,1,1,1,0,0,1,0,0,1,0,1,1,0,0,0,1,1,1,1,1,1,0,1,0,0,1,1,0,1,1,0,1,0,1,1,1,1,1,1,1,0,1,0,0,1,1,1,0,1,1,1,1,1,1,1,1,1,1,1,0,1,1,0
KT121654.1,1,1,1,1,1,1,1,0,0,1,0,1,1,1,0,1,1,1,1,1,1,1,1,1,1,1,0,0,1,0,1,0,1,0,1,1,1,1,0,1,1,1,0,0,1,0,0,1,0,1,1,0,0,0,1,1,1,1,1,1,0,1,0,0,1,1,0,1,1,0,1,0,1,1,1,1,1,1,1,0,1,0,0,1,1,1,0,1,1,1,1,1,1,1,1,1,1,1,0,1,1,0
KT121655.1,1,1,1,1,1,1,1,0,0,1,0,1,1,1,0,1,1,1,1,1,1,1,1,1,1,1,0,0,1,0,1,0,1,0,1,1,1,1,0,1,1,1,0,0,1,0,0,1,0,1,1,0,0,0,1,1,1,1,1,1,0,1,0,0,1,1,0,1,1,0,1,0,1,1,1,1,1,1,1,0,1,0,0,1,1,1,0,1,1,1,1,1,1,1,1,1,1,1,0,1,1,0
KT121656.1,1,1,1,1,1,1,1,0,0,1,0,1,1,1,0,1,1,1,1,1,1,1,1,1,1,1,0,0,1,0,1,0,1,0,1,1,1,1,0,1,1,1,0,0,1,0,0,1,0,1,1,0,0,0,1,1,1,1,1,1,0,1,0,0,1,1,0,1,1,0,1,0,1,1,1,1,1,1,1,0,1,0,0,1,1,1,0,1,1,1,1,1,1,1,1,1,1,1,0,1,1,0
KT121657.1,1,1,1,1,1,1,1,0,0,1,0,1,1,1,0,1,1,1,1,1,1,1,1,1,1,1,0,0,1,0,1,0,1,0,1,1,1,1,0,1,1,1,0,0,1,0,0,1,0,1,1,0,0,0,1,1,1,1,1,1,0,1,0,0,1,1,0,1,1,0,1,0,1,1,1,1,1,1,1,0,1,0,0,1,1,1,0,1,1,1,1,1,1,1,1,1,1,1,0,1,1,0
KT121658.1,1,1,1,1,1,1,1,0,0,1,0,1,1,1,0,1,1,1,1,1,1,1,1,1,1,1,0,0,1,0,1,0,1,0,1,1,1,1,0,1,1,1,0,0,1,0,0,1,0,1,1,0,0,0,1,1,1,1,1,1,0,1,0,0,1,1,0,1,1,0,1,0,1,1,1,1,1,1,1,0,1,0,0,1,1,1,0,1,1,1,1,1,1,1,1,1,1,1,0,1,1,0
KT121659.1,1,1,1,1,1,1,1,0,0,1,0,1,1,1,0,1,1,1,1,1,1,1,1,1,1,1,0,0,1,0,1,0,1,0,1,1,1,1,0,1,1,1,0,0,1,0,0,1,0,1,1,1,0,0,1,1,1,1,1,1,0,1,0,0,1,1,0,1,1,0,1,0,1,1,1,1,1,1,1,0,1,0,0,1,1,1,0,1,1,1,1,1,1,1,1,1,1,1,0,1,1,0
KT121660.1,1,1,1,1,1,1,1,0,0,1,0,1,1,1,0,1,1,1,1,1,1,1,1,1,1,1,0,0,1,0,1,0,1,0,1,1,1,1,0,1,1,1,0,0,1,0,0,1,0,1,1,0,0,0,1,1,1,1,1,1,0,1,0,0,1,1,0,1,1,0,1,0,1,1,1,1,1,1,1,0,1,0,0,1,1,1,0,1,1,1,1,1,1,1,1,1,1,1,0,1,1,0
KT121661.1,1,1,1,1,1,1,1,0,0,1,0,1,1,1,0,1,1,1,1,1,1,1,1,1,1,1,0,0,1,0,1,0,1,0,1,1,1,1,0,1,1,1,0,0,1,0,0,1,0,1,1,0,0,0,1,1,1,1,1,1,0,1,0,0,1,1,0,1,1,0,1,0,1,1,1,1,1,1,1,0,1,0,0,1,1,1,0,1,1,1,1,1,1,1,1,1,1,1,0,1,1,0
KT121662.1,1,1,1,1,1,1,1,0,0,1,0,1,1,1,0,1,1,1,1,1,1,1,1,1,1,1,0,0,1,0,1,0,1,0,1,1,1,1,0,1,1,1,0,0,1,0,0,1,0,1,1,0,0,0,1,1,1,1,1,1,0,1,0,0,1,1,0,1,1,0,1,0,1,1,1,1,1,1,1,0,1,0,0,1,1,1,0,1,1,1,1,1,1,1,1,1,1,1,0,1,1,0
KT121663.1,1,1,1,1,1,1,1,0,0,1,0,1,1,1,0,1,1,1,1,1,1,1,1,1,1,1,0,0,1,0,1,0,1,0,1,1,1,1,0,1,1,1,0,0,1,0,0,1,0,1,1,0,0,0,1,1,1,1,1,1,0,1,0,0,1,1,0,1,1,0,1,0,1,1,1,1,1,1,1,0,1,0,0,1,1,1,0,1,1,1,1,1,1,1,1,1,1,1,0,1,1,0
KT121664.1,1,1,1,1,1,1,1,0,0,1,0,1,1,1,0,1,1,1,1,1,1,1,1,1,1,1,0,0,1,0,1,0,1,0,1,1,1,1,0,1,1,1,0,0,1,0,0,1,0,1,1,0,0,0,1,1,1,1,1,1,0,1,0,0,1,1,0,1,1,0,1,0,1,1,1,1,1,1,1,0,1,0,0,1,1,1,0,1,1,1,1,1,1,1,1,1,1,1,0,1,1,0
KT121665.1,1,1,1,1,1,1,1,0,0,1,0,1,1,1,0,1,1,1,1,1,1,1,1,1,1,1,0,0,1,0,1,0,1,0,1,1,1,1,0,1,1,1,0,0,1,0,0,1,0,1,1,0,0,0,1,1,1,1,1,1,0,1,0,0,1,1,0,1,1,0,1,0,1,1,1,1,1,1,1,1,1,0,0,1,1,1,0,1,1,1,1,1,1,1,1,1,1,1,0,1,1,0
KT121666.1,1,1,1,1,1,1,1,0,0,1,0,1,1,1,0,1,1,1,1,1,1,1,1,1,1,1,0,0,1,0,1,0,1,0,1,1,1,1,0,1,1,1,0,0,1,0,0,1,0,1,1,0,0,0,1,1,1,1,1,1,0,1,0,0,1,1,0,1,1,0,1,0,1,1,1,1,1,1,1,0,1,0,0,1,1,1,0,1,1,1,1,1,1,1,1,1,1,1,0,1,1,0
KT121667.1,1,1,1,1,1,1,1,0,0,1,0,1,1,1,0,1,1,1,1,1,1,1,1,1,1,1,0,0,1,0,1,0,1,0,1,1,1,1,0,1,1,1,0,0,1,0,0,1,0,1,1,0,0,0,1,1,1,1,1,1,0,1,0,0,1,1,0,1,1,0,1,0,1,1,1,1,1,1,1,0,1,0,0,1,1,1,0,1,1,1,1,1,1,1,1,1,1,1,0,1,1,0
KT121668.1,1,1,1,1,1,1,1,0,0,1,0,1,1,1,0,1,1,1,1,1,1,1,1,1,1,1,0,0,1,0,1,0,1,0,1,1,1,1,0,1,1,1,0,0,1,0,0,1,0,1,1,0,0,0,1,1,1,1,1,1,0,1,0,0,1,1,0,1,1,0,1,0,1,1,1,1,1,1,1,0,1,0,0,1,1,1,0,1,1,1,1,1,1,1,1,1,1,1,0,1,1,0
KT121669.1,1,1,1,1,1,1,1,0,0,1,0,1,1,1,0,1,1,1,1,1,1,1,1,1,1,1,0,0,1,0,1,0,1,0,1,1,1,1,0,1,1,1,0,0,1,0,0,1,0,1,1,0,0,0,1,1,1,1,1,1,0,1,0,0,1,1,0,1,1,0,1,0,1,1,1,1,1,1,1,0,1,0,0,1,1,1,0,1,1,1,1,1,1,1,1,1,1,1,0,1,1,0
KT121670.1,1,1,1,1,1,1,1,0,0,1,0,1,1,1,0,1,1,1,1,1,1,1,1,1,1,1,0,0,1,0,1,0,1,0,1,1,1,1,0,1,1,1,0,0,1,0,0,1,0,1,1,0,0,0,1,1,1,1,1,1,0,1,0,0,1,1,0,1,1,0,1,0,1,1,1,1,1,1,1,0,1,0,0,1,1,1,0,1,1,1,1,1,1,1,1,1,1,1,0,1,1,0
KT121671.1,1,1,1,1,1,1,1,0,0,1,0,1,1,1,0,1,1,1,1,1,1,1,1,1,1,1,0,0,1,0,1,0,1,0,1,1,1,1,0,1,1,1,0,0,1,0,0,1,0,1,1,0,0,0,1,1,1,1,1,1,0,1,0,0,1,1,0,1,1,0,1,0,1,1,1,1,1,1,1,0,1,0,0,1,1,1,0,1,1,1,1,1,1,1,1,1,1,1,0,1,1,0
KT121672.1,1,1,1,1,1,1,1,0,0,1,0,1,1,1,0,1,1,1,1,1,1,1,1,1,1,1,0,0,1,0,1,0,1,0,1,1,1,1,0,1,1,1,0,0,1,0,0,1,0,1,1,0,0,0,1,1,1,1,1,1,0,1,0,0,1,1,0,1,1,0,1,0,1,1,1,1,1,1,1,0,1,0,0,1,1,1,0,1,1,1,1,1,1,1,1,1,1,1,0,1,1,0
KT121673.1,1,1,1,1,1,1,1,0,0,1,0,1,1,1,0,1,1,1,1,1,1,1,1,1,1,1,0,0,1,0,1,0,1,0,1,1,1,1,0,1,1,1,0,0,1,0,0,1,0,1,1,0,0,0,1,1,1,1,1,1,0,1,0,0,1,1,0,1,1,0,1,0,1,1,1,1,1,1,1,0,1,0,0,1,1,1,0,1,1,1,1,1,1,1,1,1,1,1,0,1,1,0
KT121674.1,1,1,1,1,1,1,1,0,0,1,0,1,1,1,0,1,1,1,1,1,1,1,1,1,1,1,0,0,1,0,1,0,1,0,1,1,1,1,0,1,1,1,0,0,1,0,0,1,0,1,1,0,0,0,1,1,1,1,1,1,0,1,0,0,1,1,0,1,1,0,1,0,1,1,1,1,1,1,1,0,1,0,0,1,1,1,0,1,1,1,1,1,1,1,1,1,1,1,0,1,1,0
KT121675.1,1,1,1,1,1,1,1,0,0,1,0,1,1,1,0,1,1,1,1,1,1,1,1,1,1,1,0,0,1,0,1,0,1,0,1,1,1,1,0,1,1,1,0,0,1,0,0,1,0,1,1,0,0,0,1,1,1,1,1,1,0,1,0,0,1,1,0,1,1,0,1,0,1,1,1,1,1,1,1,0,1,0,0,1,1,1,0,1,1,1,1,1,1,1,1,1,1,1,0,1,1,0
KT121676.1,1,1,1,1,1,1,1,0,0,1,0,1,1,1,0,1,1,1,1,1,1,1,1,1,1,1,0,0,1,0,1,0,1,0,1,1,1,1,0,1,1,1,0,0,1,0,0,1,0,1,1,0,0,0,1,1,1,1,1,1,0,1,0,0,1,1,0,1,1,0,1,0,1,1,1,1,1,1,1,0,1,0,0,1,1,1,0,1,1,1,1,1,1,1,1,1,1,1,0,1,1,0
KT121677.1,1,1,1,1,1,1,1,0,0,1,0,1,1,1,0,1,1,1,1,1,1,1,1,1,1,1,0,0,1,0,1,0,1,0,1,1,1,1,0,1,1,1,0,0,1,0,0,1,0,1,1,0,0,0,1,1,1,1,1,1,0,1,0,0,1,1,0,1,1,0,1,0,1,1,1,1,1,1,1,0,1,0,0,1,1,1,0,1,1,1,1,1,1,1,1,1,1,1,0,1,1,0
KT121678.1,1,1,1,1,1,1,1,0,0,1,0,1,1,1,0,1,1,1,1,1,1,1,1,1,1,1,0,0,1,0,1,0,1,0,1,1,1,1,0,1,1,1,0,0,1,0,0,1,0,1,1,0,0,0,1,1,1,1,1,1,0,1,0,0,1,1,0,1,1,0,1,0,1,1,1,1,1,1,1,0,1,0,0,1,1,1,0,1,1,1,1,1,1,1,1,1,1,1,0,1,1,0
KT121679.1,1,1,1,1,1,1,1,0,0,1,0,1,1,1,0,1,1,1,1,1,1,1,1,1,1,1,0,0,1,0,1,0,1,0,1,1,1,1,0,1,1,1,0,0,1,0,0,1,0,1,1,0,0,0,1,1,1,1,1,1,0,1,0,0,1,1,0,1,1,0,1,0,1,1,1,1,1,1,1,0,1,0,0,1,1,1,0,1,1,1,1,1,1,1,1,1,1,1,0,1,1,0
KT121680.1,1,1,1,1,1,1,1,0,0,1,0,1,1,1,0,1,1,1,1,1,1,1,1,1,1,1,0,0,1,0,1,0,1,0,1,1,1,1,0,1,1,1,0,0,1,0,0,1,0,1,1,0,0,0,1,1,1,1,1,1,0,1,0,0,1,1,0,1,1,0,1,0,1,1,1,1,1,1,1,0,1,0,0,1,1,1,0,1,1,1,1,1,1,1,1,1,1,1,0,1,1,0
KT121681.1,1,1,1,1,1,1,1,0,0,1,0,1,1,1,0,1,1,1,1,1,1,1,1,1,1,1,0,0,1,0,1,0,1,0,1,1,1,1,0,1,1,1,0,0,1,0,0,1,0,1,1,0,0,0,1,1,1,1,1,1,0,1,0,0,1,1,0,1,1,0,1,0,1,1,1,1,1,1,1,0,1,0,0,1,1,1,0,1,1,1,1,1,1,1,1,1,1,1,0,1,1,0
KT121682.1,1,1,1,1,1,1,1,0,0,1,0,1,1,1,0,1,1,1,1,1,1,1,1,1,1,1,0,0,1,0,1,0,1,0,1,1,1,1,0,1,1,1,0,0,1,0,0,1,0,1,1,0,0,0,1,1,1,1,1,1,0,1,0,0,1,1,0,1,1,0,1,0,1,1,1,1,1,1,1,0,1,0,0,1,1,1,0,1,1,1,1,1,1,1,1,1,1,1,0,1,1,0
KT121683.1,1,1,1,1,1,1,1,0,0,1,0,1,1,1,0,1,1,1,1,1,1,1,1,1,1,1,0,0,1,0,1,0,1,0,1,1,1,1,0,1,1,1,0,0,1,0,0,1,0,1,1,0,0,0,1,1,1,1,1,1,0,1,0,0,1,1,0,1,1,0,1,0,1,1,1,1,1,1,1,0,1,0,0,1,1,1,0,1,1,1,1,1,1,1,1,1,1,1,0,1,1,0
KT121684.1,1,1,1,1,1,1,1,0,0,1,0,1,1,1,0,1,1,1,1,1,1,1,1,1,1,1,0,0,1,0,1,0,1,0,1,1,1,1,0,1,1,1,0,0,1,0,0,1,0,1,1,0,0,0,1,1,1,1,1,1,0,1,0,0,1,1,0,1,1,0,1,0,1,1,1,1,1,1,1,0,1,0,0,1,1,1,0,1,1,1,1,1,1,1,1,1,1,1,0,1,1,0
KT121685.1,1,1,1,1,1,1,1,0,0,1,0,1,1,1,0,1,1,1,1,1,1,1,1,1,1,1,0,0,1,0,1,0,1,0,1,1,1,1,0,1,1,1,0,0,1,0,0,1,0,1,1,0,0,0,1,1,1,1,1,1,0,1,0,0,1,1,0,1,1,0,1,0,1,1,1,1,1,1,1,0,1,0,0,1,1,1,0,1,1,1,1,1,1,1,1,1,1,1,0,1,1,0
KT121686.1,1,1,1,1,1,1,1,0,0,1,0,1,1,1,0,1,1,1,1,1,1,1,1,1,1,1,0,0,1,0,1,0,1,0,1,1,1,1,0,1,1,1,0,0,1,0,0,1,0,1,1,0,0,0,1,1,1,1,1,1,0,1,0,0,1,1,0,1,1,0,1,0,1,1,1,1,1,1,1,0,1,0,0,1,1,1,0,1,1,1,1,1,1,1,1,1,1,1,0,1,1,0
KT121687.1,1,1,1,1,1,1,1,0,0,1,0,1,1,1,0,1,1,1,1,1,1,1,1,1,1,1,0,0,1,0,1,0,1,0,1,1,1,1,0,1,1,1,0,0,1,0,0,1,0,1,1,0,0,0,1,1,1,1,1,1,0,1,0,0,1,1,0,1,1,0,1,0,1,1,1,1,1,1,1,0,1,0,0,1,1,1,0,1,1,1,1,1,1,1,1,1,1,1,0,1,1,0
KT121688.1,1,1,1,1,1,1,1,0,0,1,0,1,1,1,0,1,1,1,1,1,1,1,1,1,1,1,0,0,1,0,1,0,1,0,1,1,1,1,0,1,1,1,0,0,1,0,0,1,0,1,1,0,0,0,1,1,1,1,1,1,0,1,0,0,1,1,0,1,1,0,1,0,1,1,1,1,1,1,1,0,1,0,0,1,1,1,0,1,1,1,1,1,1,1,1,1,1,1,0,1,1,0
KT121689.1,1,1,1,1,1,1,1,0,0,1,0,1,1,1,0,1,1,1,1,1,1,1,1,1,1,1,0,0,1,0,1,0,1,0,1,1,1,1,0,1,1,1,0,0,1,0,0,1,0,1,1,0,0,0,1,1,1,1,1,1,0,1,0,0,1,1,0,1,1,0,1,0,1,1,1,1,1,1,1,0,1,0,0,1,1,1,0,1,1,1,1,1,1,1,1,1,1,1,0,1,1,0
KT121690.1,1,1,1,1,1,1,1,0,0,1,0,1,1,1,0,1,1,1,1,1,1,1,1,1,1,1,0,0,1,0,1,0,1,0,1,1,1,1,0,1,1,1,0,0,1,0,0,1,1,1,1,0,0,0,1,1,1,1,1,1,0,1,0,0,1,1,0,1,1,0,1,0,1,1,1,1,1,1,1,0,1,0,0,1,1,1,0,1,1,1,1,1,1,1,1,1,1,1,0,1,1,0
KT121691.1,1,1,1,1,1,1,1,0,0,1,0,1,1,1,0,1,1,1,1,1,1,1,1,1,1,1,0,0,1,0,1,0,1,0,1,1,1,1,0,1,1,1,0,0,1,0,0,1,0,1,1,0,0,0,1,1,1,1,1,1,0,1,0,0,1,1,0,1,1,0,1,0,1,1,1,1,1,1,1,0,1,0,0,1,1,1,0,1,1,1,1,1,1,1,1,1,1,1,0,1,1,0
KT121692.1,1,1,1,1,1,1,1,0,0,1,0,1,1,1,0,1,1,1,1,1,1,1,1,1,1,1,0,0,1,0,1,0,1,0,1,1,1,1,0,1,1,1,0,0,1,0,0,1,0,1,1,0,0,0,1,1,1,1,1,1,0,1,0,0,1,1,0,1,1,0,1,0,1,1,1,1,1,1,1,0,1,0,0,1,1,1,0,1,1,1,1,1,1,1,1,1,1,1,0,1,1,0
KT121693.1,1,1,1,1,1,1,1,0,0,1,0,1,1,1,0,1,1,1,1,1,1,1,1,1,1,1,0,0,1,0,1,0,1,0,1,1,1,1,0,1,1,1,0,0,1,0,0,1,0,1,1,0,0,0,1,1,1,1,1,1,0,1,0,0,1,1,0,1,1,0,1,0,1,1,1,1,1,1,1,0,1,0,0,1,1,1,0,1,1,1,1,1,1,1,1,1,1,1,0,1,1,0
KT121694.1,1,1,1,1,1,1,1,0,0,1,0,1,1,1,0,1,1,1,1,1,1,1,1,1,1,1,0,0,1,0,1,0,1,0,1,1,1,1,0,1,1,1,0,0,1,0,0,1,0,1,1,0,0,0,1,1,1,1,1,1,0,1,0,0,1,1,0,1,1,0,1,0,1,1,1,1,1,1,1,0,1,0,0,1,1,1,0,1,1,1,1,1,1,1,1,1,1,1,0,1,1,0
KT121695.1,1,1,1,1,1,1,1,0,0,1,0,1,1,1,0,1,1,1,1,1,1,1,1,1,1,1,0,0,1,0,1,0,1,0,1,1,1,1,0,1,1,1,0,0,1,0,0,1,0,1,1,0,0,0,1,1,1,1,1,1,0,1,0,0,1,1,0,1,1,0,1,0,1,1,1,1,1,1,1,0,1,0,0,1,1,1,0,1,1,1,1,1,1,1,1,1,1,1,0,1,1,0
KT121696.1,1,1,1,1,1,1,1,0,0,1,0,1,1,1,0,1,1,1,1,1,1,1,1,1,1,1,0,0,1,0,1,0,1,0,1,1,1,1,0,1,1,1,0,0,1,0,0,1,0,1,1,0,0,0,1,1,1,1,1,1,0,1,0,0,1,1,0,1,1,0,1,0,1,1,1,1,1,1,1,0,1,0,0,1,1,1,0,1,1,1,1,1,1,1,1,1,1,1,0,1,1,0
KT121697.1,1,1,1,1,1,1,1,0,0,1,0,1,1,1,0,1,1,1,1,1,1,1,1,1,1,1,0,0,1,0,1,0,1,0,1,1,1,1,0,1,1,1,0,0,1,0,0,1,0,1,1,0,0,0,1,1,1,1,1,1,0,1,0,0,1,1,0,1,1,0,1,0,1,1,1,1,1,1,1,0,1,0,0,1,1,1,0,1,1,1,1,1,1,1,1,1,1,1,0,1,1,0
KT121698.1,1,1,1,1,1,1,1,0,0,1,0,1,1,1,0,1,1,1,1,1,1,1,1,1,1,1,0,0,1,0,1,0,1,0,1,1,1,1,0,1,1,1,0,0,1,0,0,1,0,1,1,0,0,0,1,1,1,1,1,1,0,1,0,0,1,1,0,1,1,0,1,0,1,1,1,1,1,1,1,0,1,0,0,1,1,1,0,1,1,1,1,1,1,1,1,1,1,1,0,1,1,0
KT121699.1,1,1,1,1,1,1,1,0,0,1,0,1,1,1,0,1,1,1,1,1,1,1,1,1,1,1,0,0,1,0,1,0,1,0,1,1,1,1,0,1,1,1,0,0,1,0,0,1,0,1,1,0,0,0,1,1,1,1,1,1,0,1,0,0,1,1,0,1,1,0,1,0,1,1,1,1,1,1,1,0,1,0,0,1,1,1,0,1,1,1,1,1,1,1,1,1,1,1,0,1,1,0
KT121700.1,1,1,1,1,1,1,1,0,0,1,0,1,1,1,0,1,1,1,1,1,1,1,1,1,1,1,0,0,1,0,1,0,1,0,1,1,1,1,0,1,1,1,0,0,1,0,0,1,0,1,1,0,0,0,1,1,1,1,1,1,0,1,0,0,1,1,0,1,1,0,1,0,1,1,1,1,1,1,1,0,1,0,0,1,1,1,0,1,1,1,1,1,1,1,1,1,1,1,0,1,1,0
KT121701.1,1,1,1,1,1,1,1,0,0,1,0,1,1,1,0,1,1,1,1,1,1,1,1,1,1,1,0,0,1,0,1,0,1,0,1,1,1,1,0,1,1,1,0,0,1,0,0,1,0,1,1,0,0,0,1,1,1,1,1,1,0,1,0,0,1,1,0,1,1,0,1,0,1,1,1,1,1,1,1,0,1,0,0,1,1,1,0,1,1,1,1,1,1,1,1,1,1,1,0,1,1,0
KT121702.1,1,1,1,1,1,1,1,0,0,1,0,1,1,1,0,1,1,1,1,1,1,1,1,1,1,1,0,0,1,0,1,0,1,0,1,1,1,1,0,1,1,1,0,0,1,0,0,1,0,1,1,0,0,0,1,1,1,1,1,1,0,1,0,0,1,1,0,1,1,0,1,0,1,1,1,1,1,1,1,0,1,0,0,1,1,1,0,1,1,1,1,1,1,1,1,1,1,1,0,1,1,0
KT121703.1,1,1,1,1,1,1,1,0,0,1,0,1,1,1,0,1,1,1,1,1,1,1,1,1,1,1,0,0,1,0,1,0,1,0,1,1,1,1,0,1,1,1,0,0,1,0,0,1,0,1,1,0,0,0,1,1,1,1,1,1,0,1,0,0,1,1,0,1,1,0,1,0,1,1,1,1,1,1,1,0,1,0,0,1,1,1,0,1,1,1,1,1,1,1,1,1,1,1,0,1,1,0
KT121704.1,1,1,1,1,1,1,1,0,0,1,0,1,1,1,0,1,1,1,1,1,1,1,1,1,1,1,0,0,1,0,1,0,1,0,1,1,1,1,0,1,1,1,0,0,1,0,0,1,0,1,1,0,0,0,1,1,1,1,1,1,0,1,0,0,1,1,0,1,1,0,1,0,1,1,1,1,1,1,1,0,1,0,0,1,1,1,0,1,1,1,1,1,1,1,1,1,1,1,0,1,1,0
KT121705.1,1,1,1,1,1,1,1,0,0,1,0,1,1,1,0,1,1,1,1,1,1,1,1,1,1,1,0,0,1,0,1,0,1,0,1,1,1,1,0,1,1,1,0,0,1,0,0,1,0,1,1,0,0,0,1,1,1,1,1,1,0,1,0,0,1,1,0,1,1,0,1,0,1,1,1,1,1,1,1,0,1,0,0,1,1,1,0,1,1,1,1,1,1,1,1,1,1,1,0,1,1,0
KT121706.1,1,1,1,1,1,1,1,0,0,1,0,1,1,1,0,1,1,1,1,1,1,1,1,1,1,1,0,0,1,0,1,0,1,0,1,1,1,1,0,1,1,1,0,0,1,0,0,1,0,1,1,0,0,0,1,1,1,1,1,1,0,1,0,0,1,1,0,1,1,0,1,0,1,1,1,1,1,1,1,0,1,0,0,1,1,1,0,1,1,1,1,1,1,1,1,1,1,1,0,1,1,0
KT121707.1,1,1,1,1,1,1,1,0,0,1,0,1,1,1,0,1,1,1,1,1,1,1,1,1,1,1,0,0,1,0,1,0,1,0,1,1,1,1,0,1,1,1,0,0,1,0,0,1,0,1,1,0,0,0,1,1,1,1,1,1,0,1,0,0,1,1,0,1,1,0,1,0,1,1,1,1,1,1,1,0,1,0,0,1,1,1,0,1,1,1,1,1,1,1,1,1,1,1,0,1,1,0
KT121708.1,1,1,1,1,1,1,1,0,0,1,0,1,1,1,0,1,1,1,1,1,1,1,1,1,1,1,0,0,1,0,1,0,1,0,1,1,1,1,0,1,1,1,0,0,1,0,0,1,0,1,1,0,0,0,1,1,1,1,1,1,0,1,0,0,1,1,0,1,1,0,1,0,1,1,1,1,1,1,1,0,1,0,0,1,1,1,0,1,1,1,1,1,1,1,1,1,1,1,0,1,1,0
KT121709.1,1,1,1,1,1,1,1,0,0,1,0,1,1,1,0,1,1,1,1,1,1,1,1,1,1,1,0,0,1,0,1,0,1,0,1,1,1,1,0,1,1,1,0,0,1,0,0,1,0,1,1,0,0,0,1,1,1,1,1,1,0,1,0,0,1,1,0,1,1,0,1,0,1,1,1,1,1,1,1,0,1,0,0,1,1,1,0,1,1,1,1,1,1,1,1,1,1,1,0,1,1,0
KT121710.1,1,1,1,1,1,1,1,0,0,1,0,1,1,1,0,1,1,1,1,1,1,1,1,1,1,1,0,0,1,0,1,0,1,0,1,1,1,1,0,1,1,1,0,0,1,0,0,1,0,1,1,0,0,0,1,1,1,1,1,1,0,1,0,0,1,1,0,1,1,0,1,0,1,1,1,1,1,1,1,0,1,0,0,1,1,1,0,1,1,1,1,1,1,1,1,1,1,1,0,1,1,0
KT121711.1,1,1,1,1,1,1,1,0,0,1,0,1,1,1,0,1,1,1,1,1,1,1,1,1,1,1,0,0,1,0,1,0,1,0,1,1,1,1,0,1,1,1,0,0,1,0,0,1,0,1,1,0,0,0,1,1,1,1,1,1,0,1,0,0,1,1,0,1,1,0,1,0,1,1,1,1,1,1,1,0,1,0,0,1,1,1,0,1,1,1,1,1,1,1,1,1,1,1,0,1,1,0
KT121712.1,1,1,1,1,1,1,1,0,0,1,0,1,1,1,0,1,1,1,1,1,1,1,1,1,1,1,0,0,1,0,1,0,1,0,1,1,1,1,0,1,1,1,0,0,1,0,0,1,0,1,1,0,0,0,1,1,1,1,1,1,0,1,0,0,1,1,0,1,1,0,1,0,1,1,1,1,1,1,1,0,1,0,0,1,1,1,0,1,1,1,1,1,1,1,1,1,1,1,0,1,1,0
KT121713.1,1,1,1,1,1,1,1,0,0,1,0,1,1,1,0,1,1,1,1,1,1,1,1,1,1,1,0,0,1,0,1,0,1,0,1,1,1,1,0,1,1,1,0,0,1,0,0,1,0,1,1,0,0,0,1,1,1,1,1,1,0,1,0,0,1,1,0,1,1,0,1,0,1,1,1,1,1,1,1,0,1,0,0,1,1,1,0,1,1,1,1,1,1,1,1,1,1,1,0,1,1,0
KT121714.1,1,1,1,1,1,1,1,0,0,1,0,1,1,1,0,1,1,1,1,1,1,1,1,1,1,1,0,0,1,0,1,0,1,0,1,1,1,1,0,1,1,1,0,0,1,0,0,1,0,1,1,0,0,0,1,1,1,1,1,1,0,1,0,0,1,1,0,1,1,0,1,0,1,1,1,1,1,1,1,0,1,0,0,1,1,1,0,1,1,1,1,1,1,1,1,1,1,1,0,1,1,0
KT121715.1,1,1,1,1,1,1,1,0,0,1,0,1,1,1,0,1,1,1,1,1,1,1,1,1,1,1,0,0,1,0,1,0,1,0,1,1,1,1,0,1,1,1,0,0,1,0,0,1,0,1,1,0,0,0,1,1,1,1,1,1,0,1,0,0,1,1,0,1,1,0,1,0,1,1,1,1,1,1,1,0,1,0,0,1,1,1,0,1,1,1,1,1,1,1,1,1,1,1,0,1,1,0
KT121716.1,1,1,1,1,1,1,1,0,0,1,0,1,1,1,0,1,1,1,1,1,1,1,1,1,1,1,0,0,1,0,1,0,1,0,1,1,1,1,0,1,1,1,0,0,1,0,0,1,0,1,1,0,0,0,1,1,1,1,1,1,0,1,0,0,1,1,0,1,1,0,1,0,1,1,1,1,1,1,1,0,1,0,0,1,1,1,0,1,1,1,1,1,1,1,1,1,1,1,0,1,1,0
KT121717.1,1,1,1,1,1,1,1,0,0,1,0,1,1,1,0,1,1,1,1,1,1,1,1,1,1,1,0,0,1,0,1,0,1,0,1,1,1,1,0,1,1,1,0,0,1,0,0,1,0,1,1,0,0,0,1,1,1,1,1,1,0,1,0,0,1,1,0,1,1,0,1,0,1,1,1,1,1,1,1,0,1,0,0,1,1,1,0,1,1,1,1,1,1,1,1,1,1,1,0,1,1,0
KT121718.1,1,1,1,1,1,1,1,0,0,1,0,1,1,1,0,1,1,1,1,1,1,1,1,1,1,1,0,0,1,0,1,0,1,0,1,1,1,1,0,1,1,1,0,0,1,0,0,1,0,1,1,0,0,0,1,1,1,1,1,1,0,1,0,0,1,1,0,1,1,0,1,0,1,1,1,1,1,1,1,0,1,0,0,1,1,1,0,1,1,1,1,1,1,1,1,1,1,1,0,1,1,0
KT121719.1,1,1,1,1,1,1,1,0,0,1,0,1,1,1,0,1,1,1,1,1,1,1,1,1,1,1,0,0,1,0,1,0,1,0,1,1,1,1,0,1,1,1,0,0,1,0,0,1,0,1,1,0,0,0,1,1,1,1,1,1,0,1,0,0,1,1,0,1,1,0,1,0,1,1,1,1,1,1,1,0,1,0,0,1,1,1,0,1,1,1,1,1,1,1,1,1,1,1,0,1,1,0
KT121720.1,1,1,1,1,1,1,1,0,0,1,0,1,1,1,0,1,1,1,1,1,1,1,1,1,1,1,0,0,1,0,1,0,1,0,1,1,1,1,0,1,1,1,0,0,1,0,0,1,0,1,1,0,0,0,1,1,1,1,1,1,0,1,0,0,1,1,0,1,1,0,1,0,1,1,1,1,1,1,1,0,1,0,0,1,1,1,0,1,1,1,1,1,1,1,1,1,1,1,0,1,1,0
KT121721.1,1,1,1,1,1,1,1,0,0,1,0,1,1,1,0,1,1,1,1,1,1,1,1,1,1,1,0,0,1,0,1,0,1,0,1,1,1,1,0,1,1,1,0,0,1,0,0,1,0,1,1,0,0,0,1,1,1,1,1,1,0,1,0,0,1,1,0,1,1,0,1,0,1,1,1,1,1,1,1,0,1,0,0,1,1,1,0,1,1,1,1,1,1,1,1,1,1,1,0,1,1,0
KT121722.1,1,1,1,1,1,1,1,0,0,1,0,1,1,1,0,1,1,1,1,1,1,1,1,1,1,1,0,0,1,0,1,0,1,0,1,1,1,1,0,1,1,1,0,0,1,0,0,1,0,1,1,0,0,0,1,1,1,1,1,1,0,1,0,0,1,1,0,1,1,0,1,0,1,1,1,1,1,1,1,0,1,0,0,1,1,1,1,1,1,1,1,1,1,1,1,1,1,1,0,1,1,0
KT121723.1,1,1,1,1,1,1,1,0,0,1,0,1,1,1,0,1,1,1,1,1,1,1,1,1,1,1,0,0,1,0,1,0,1,0,1,1,1,1,0,1,1,1,0,0,1,0,0,1,0,1,1,0,0,0,1,1,1,1,1,1,0,1,0,0,1,1,0,1,1,0,1,0,1,1,1,1,1,1,1,0,1,0,0,1,1,1,0,1,1,1,1,1,1,1,1,1,1,1,0,1,1,0
KT121724.1,1,1,1,1,1,1,1,0,0,1,0,1,1,1,0,1,1,1,1,1,1,1,1,1,1,1,0,0,1,0,1,0,1,0,1,1,1,1,0,1,1,1,0,0,1,0,0,1,0,1,1,0,0,0,1,1,1,1,1,1,0,1,0,0,1,1,0,1,1,0,1,0,1,1,1,1,1,1,1,0,1,0,0,1,1,1,0,1,1,1,1,1,1,1,1,1,1,1,0,1,1,0
KT121725.1,1,1,1,1,1,1,1,0,0,1,0,1,1,1,0,1,1,1,1,1,1,1,1,1,1,1,0,0,1,0,1,0,1,0,1,1,1,1,0,1,1,1,0,0,1,0,0,1,0,1,1,0,0,0,1,1,1,1,1,1,0,1,0,0,1,1,0,1,1,0,1,0,1,1,1,1,1,1,1,0,1,0,0,1,1,1,0,1,1,1,1,1,1,1,1,1,1,1,0,1,1,0
KT121726.1,1,1,1,1,1,1,1,0,0,1,0,1,1,1,0,1,1,1,1,1,1,1,1,1,1,1,0,0,1,0,1,0,1,0,1,1,1,1,0,1,1,1,0,0,1,0,0,1,0,1,1,0,0,0,1,1,1,1,1,1,0,1,0,0,1,1,0,1,1,0,1,0,1,1,1,1,1,1,1,0,1,0,0,1,1,1,0,1,1,1,1,1,1,1,1,1,1,1,0,1,1,0
LC869668.1,1,1,1,1,1,1,1,0,0,1,0,1,1,0,0,1,1,1,1,1,1,1,1,1,1,1,0,0,1,0,1,1,0,0,1,1,1,1,1,1,1,1,0,0,1,0,0,1,0,1,1,0,0,0,1,1,1,1,1,1,0,0,0,0,0,1,0,1,1,0,1,0,1,1,1,1,1,1,1,0,1,0,0,1,1,1,0,1,0,1,1,1,1,1,1,1,1,1,0,1,1,0
M69205.1,1,1,1,1,1,1,1,0,0,0,0,1,1,1,0,1,1,1,1,1,1,1,1,1,1,1,0,0,1,0,1,1,0,0,1,1,1,1,0,1,1,1,0,0,0,0,0,1,0,1,1,0,0,0,1,0,1,1,1,0,0,0,0,0,1,1,0,1,1,0,1,0,1,1,1,1,1,1,1,0,1,0,1,1,1,1,0,1,1,1,1,1,1,1,1,1,1,0,0,1,1,0
MF409177.1,1,1,1,1,1,1,1,0,0,1,0,1,1,0,0,1,1,1,1,1,1,1,1,1,1,1,0,0,1,0,1,1,0,0,1,1,1,1,0,1,1,1,0,0,0,0,0,1,0,1,1,0,0,0,1,0,1,1,1,1,0,0,0,0,1,1,0,1,1,0,1,0,1,1,1,1,1,1,1,0,1,0,0,1,1,1,0,1,1,1,1,1,1,1,1,1,1,1,0,0,0,0
MF409178.1,1,1,1,1,1,1,1,0,0,1,0,1,1,0,0,1,1,1,1,1,1,1,1,1,1,1,0,0,1,0,1,1,0,0,1,1,1,1,0,1,1,1,0,0,0,0,0,1,1,1,1,0,0,0,1,0,1,1,1,1,0,0,0,0,1,1,0,1,1,0,1,0,1,1,1,1,1,1,1,0,0,0,1,1,1,1,0,1,1,1,1,1,1,1,1,1,1,1,0,1,1,0
MF459683.1,1,1,1,1,1,1,1,0,0,1,0,1,1,0,0,1,1,1,1,1,1,1,1,1,1,1,0,0,1,0,1,1,0,0,1,1,1,1,0,1,1,1,0,0,0,0,0,1,1,1,0,0,0,0,1,0,1,1,1,1,0,0,0,0,1,1,0,1,1,0,1,0,1,1,1,1,1,1,1,0,1,0,0,1,1,1,0,1,1,1,1,1,1,1,1,1,1,0,0,1,1,0
MF543016.1,1,1,1,1,1,1,1,0,0,0,0,1,1,0,0,1,1,1,1,1,1,1,1,1,1,1,0,0,1,0,1,1,0,0,1,1,1,1,0,1,1,1,0,0,0,0,0,1,0,1,1,0,0,0,1,0,1,1,1,1,0,0,0,0,1,1,0,1,1,0,1,0,1,1,1,1,1,1,1,0,1,0,1,1,1,1,0,1,1,1,1,1,1,1,1,1,1,0,0,1,1,0
MF589985.1,1,1,1,1,1,1,1,0,0,0,0,1,1,0,0,1,1,1,1,1,1,1,1,1,1,1,0,0,1,0,1,1,0,0,1,1,1,1,0,1,1,1,0,0,0,0,0,1,0,1,1,0,0,0,1,0,1,1,1,0,0,0,0,0,1,1,0,1,1,0,1,0,1,1,1,1,1,1,1,0,1,0,1,1,1,1,0,1,1,1,1,1,1,1,1,1,1,0,0,1,1,0
MG495620.1,1,1,1,1,1,1,1,0,0,0,0,1,1,0,0,1,1,1,1,1,1,1,1,1,1,1,0,0,1,0,1,1,0,0,1,1,1,1,0,1,1,1,0,0,0,0,0,1,0,1,1,0,0,0,1,0,1,1,1,1,0,0,0,0,1,1,0,1,1,0,1,0,1,1,1,1,1,1,1,0,1,0,1,1,1,1,0,1,1,1,1,1,1,1,1,1,1,0,0,1,1,0
MG679373.1,1,1,1,1,1,1,1,0,0,1,0,1,1,1,0,1,1,1,1,1,1,1,1,1,1,1,0,0,1,0,1,0,1,0,1,1,1,1,0,1,1,1,0,0,1,0,0,1,0,1,1,0,0,0,1,1,1,1,1,1,0,1,0,0,1,1,0,1,1,0,1,0,1,1,1,1,1,1,1,0,1,0,0,1,1,1,0,1,1,1,1,1,1,1,1,1,1,1,0,1,1,0
MG679376.1,1,1,1,1,1,1,1,0,0,1,0,1,1,1,0,1,1,1,1,1,1,1,1,1,1,1,0,0,1,0,1,0,1,0,1,1,1,1,0,1,1,1,0,0,1,0,0,1,0,1,1,0,0,0,1,1,1,1,1,1,0,1,0,0,1,1,0,1,1,0,1,0,1,1,1,1,1,1,1,0,1,0,0,1,1,1,0,1,1,1,1,1,1,1,1,1,1,1,0,1,1,0
MG679377.1,1,1,1,1,1,1,1,0,0,1,0,1,1,1,0,1,1,1,1,1,1,1,1,1,1,1,0,0,1,0,1,0,1,0,1,1,1,1,0,1,1,1,0,0,1,0,0,1,0,1,1,0,0,0,1,1,1,1,1,1,0,1,0,0,1,1,0,1,1,0,1,0,1,1,1,1,1,1,1,0,1,0,0,1,1,1,0,1,1,1,1,1,1,1,1,1,1,1,0,1,1,0
MG679378.1,1,1,1,1,1,1,1,0,0,1,0,1,1,1,0,1,1,1,1,1,1,1,1,1,1,1,0,0,1,0,1,0,1,0,1,1,1,1,0,1,1,1,0,0,1,0,0,1,0,1,1,0,0,0,1,1,1,1,1,1,0,1,0,0,1,1,0,1,1,0,1,0,1,1,1,1,1,1,1,0,1,0,0,1,1,1,0,1,1,1,1,1,1,1,1,1,1,1,0,1,1,0
MG679379.1,1,1,1,1,1,1,1,0,0,0,0,1,1,0,0,1,1,1,1,1,1,1,1,1,1,1,0,0,1,0,1,1,0,0,1,1,1,1,0,1,1,1,0,0,0,0,0,1,0,1,1,0,0,0,1,0,1,1,1,1,0,0,0,0,1,1,0,1,1,0,1,0,1,1,1,1,1,1,1,0,1,0,1,1,1,1,0,1,1,1,1,1,1,1,1,1,1,0,0,1,1,0
MG679380.1,1,1,1,1,1,1,1,0,0,1,0,1,1,1,0,1,1,1,1,1,1,1,1,1,1,1,0,0,1,0,1,0,1,0,1,1,1,1,0,1,1,1,0,0,1,0,0,1,0,1,1,0,0,0,1,1,1,1,1,1,0,1,0,0,1,1,0,1,1,0,1,0,1,1,1,1,1,1,1,0,1,0,0,1,1,1,0,1,1,1,1,1,1,1,1,1,1,1,0,1,1,0
MG679381.1,1,1,1,1,1,1,1,0,0,0,0,1,1,0,0,1,1,1,1,1,1,1,1,1,1,1,0,0,1,0,1,1,0,0,1,1,1,1,0,1,1,1,0,0,0,0,0,1,0,1,1,0,0,0,1,0,1,1,1,1,0,0,0,0,1,1,0,1,1,0,1,0,1,1,1,1,1,1,1,0,1,0,1,1,1,1,0,1,1,1,1,1,1,1,1,1,1,0,0,1,1,0
MG779533.1,1,1,1,1,1,1,1,0,0,0,0,1,1,0,0,1,1,1,1,1,1,1,1,1,1,1,0,0,1,0,1,1,0,0,1,1,1,1,0,1,1,1,0,0,0,0,0,1,0,1,1,0,0,0,1,0,1,1,1,1,0,0,0,0,1,1,0,1,1,0,1,0,1,1,1,1,1,1,1,0,1,0,1,1,1,1,0,1,1,1,1,1,1,1,1,1,1,0,0,1,1,0
MG779534.1,1,1,1,1,1,1,1,0,0,1,0,1,1,1,0,1,1,1,1,1,1,1,1,1,1,1,0,0,1,0,1,0,1,0,1,1,1,1,0,1,1,1,0,0,1,0,0,1,0,1,1,0,0,0,1,1,1,1,1,1,0,1,0,0,1,1,0,1,1,0,1,0,1,1,1,1,1,1,1,0,1,0,0,1,1,1,0,1,1,1,1,1,1,1,1,1,1,1,0,1,1,0
MG779535.1,1,1,1,1,1,1,1,0,0,0,0,1,1,0,0,1,1,1,1,1,1,1,1,1,1,1,0,0,1,0,1,1,0,0,1,1,1,1,0,1,1,1,0,0,0,0,0,1,0,1,1,0,0,0,1,0,1,1,1,1,0,0,0,0,1,1,0,1,1,0,1,0,1,1,1,1,1,1,1,0,1,0,1,1,1,1,0,1,1,1,1,1,1,1,1,1,1,0,0,1,1,0
MH212167.1,1,1,1,1,1,1,1,0,0,1,0,1,1,0,0,1,1,1,1,1,1,1,1,1,1,1,0,0,1,0,1,1,0,0,1,1,1,1,0,1,1,1,0,0,0,0,0,1,1,1,1,0,0,0,1,0,1,1,1,1,0,0,0,0,1,1,0,1,1,0,1,0,1,1,1,1,1,1,1,0,0,0,0,1,1,1,0,1,1,1,1,1,1,1,1,1,1,1,0,1,1,0
MK045224.1,1,1,1,1,1,1,1,0,0,0,0,1,1,0,0,1,1,1,1,1,1,1,1,1,1,1,0,0,1,0,1,1,0,0,1,1,1,1,0,1,1,1,0,0,0,0,0,1,0,1,1,0,0,0,1,0,1,1,1,1,0,0,0,0,1,1,0,1,1,0,1,0,1,1,1,1,1,1,1,0,1,0,1,1,1,1,0,1,1,1,1,1,1,1,1,1,1,0,0,1,1,0
MK045225.1,1,1,1,1,1,1,1,0,0,0,0,1,1,0,0,1,1,1,1,1,1,1,1,1,1,1,0,0,1,0,1,1,0,0,1,1,1,1,0,1,1,1,0,0,0,0,0,1,0,1,1,0,0,0,1,0,1,1,1,1,0,0,0,0,1,1,0,1,1,0,1,0,1,1,1,1,1,1,1,0,1,0,1,1,1,1,0,1,1,1,1,1,1,1,1,1,1,0,0,1,1,0
MK045226.1,1,1,1,1,1,1,1,0,0,0,1,1,1,0,0,1,1,1,1,1,1,1,1,1,1,1,0,0,1,0,1,1,0,0,1,1,1,1,0,1,1,1,0,0,0,0,0,1,0,1,1,0,0,0,1,0,1,1,1,1,0,0,0,0,1,1,0,1,1,0,1,0,1,1,1,1,1,1,1,0,1,0,1,1,1,1,0,1,1,1,1,1,1,1,1,1,1,0,0,0,0,0
MK045228.1,1,1,1,1,1,1,1,0,0,0,0,1,1,0,0,1,1,1,1,1,1,1,1,1,1,1,0,0,1,0,1,1,0,0,1,1,1,1,0,1,1,1,0,0,0,0,0,1,0,1,1,0,0,0,1,0,1,1,1,1,0,0,0,0,1,1,0,1,1,0,1,0,1,1,1,1,1,1,1,0,1,0,1,1,1,1,0,1,1,1,1,1,1,1,1,1,1,0,0,1,1,0
MK045229.1,1,1,1,1,1,1,1,0,0,0,0,1,1,0,0,1,1,1,1,1,1,1,1,1,1,1,0,0,1,0,1,1,0,0,1,1,1,1,0,1,1,1,0,0,0,0,0,1,0,1,1,0,0,0,1,0,1,1,1,1,0,0,0,0,1,1,0,1,1,0,1,0,1,1,1,1,1,1,1,0,1,0,1,1,1,1,0,1,1,1,1,1,1,1,1,1,1,0,0,1,1,0
MK045230.1,1,1,1,1,1,1,1,0,0,0,0,1,1,0,0,1,1,1,1,1,1,1,1,1,1,1,0,0,1,0,1,1,0,0,1,1,1,1,0,1,1,1,0,0,0,0,0,1,0,1,1,0,0,0,1,0,1,1,1,1,0,0,0,0,1,1,0,1,1,0,1,0,1,1,1,1,1,1,1,0,1,0,1,1,1,1,0,1,1,1,1,1,1,1,1,1,1,0,0,1,1,0
MK045231.1,1,1,1,1,1,1,1,0,0,0,0,1,1,0,0,1,1,1,1,1,1,1,1,1,1,1,0,0,1,0,1,1,0,0,1,1,1,1,0,1,1,1,1,0,0,0,0,1,0,1,1,0,0,0,1,0,1,1,1,1,0,0,0,0,1,1,0,1,1,0,1,0,1,1,1,1,1,1,1,0,1,0,1,1,1,1,0,1,1,1,1,1,1,1,1,1,1,0,0,1,1,0
MK045232.1,1,1,1,1,1,1,1,0,0,0,0,1,1,0,0,1,1,1,1,1,1,1,1,1,1,1,0,0,1,0,1,1,0,0,1,1,1,1,0,1,1,1,0,0,0,0,0,1,0,1,1,0,0,0,1,0,1,1,1,1,0,0,0,0,1,1,0,1,1,0,1,0,1,1,1,1,1,1,1,0,1,0,1,1,1,1,0,1,1,1,1,1,1,1,1,1,1,0,0,1,1,0
MK045233.1,1,1,1,1,1,1,1,0,0,0,0,1,1,1,0,1,1,1,1,1,1,1,1,1,1,1,0,0,1,0,1,1,0,0,1,1,1,1,0,1,1,1,0,0,0,0,0,1,0,1,1,0,0,0,1,0,1,1,1,1,0,0,0,0,1,1,0,1,1,0,1,0,1,1,1,1,1,1,1,0,1,0,1,1,1,1,0,1,1,1,1,1,1,1,1,1,1,0,0,1,1,0
MK045234.1,1,1,1,1,1,1,1,0,0,0,0,1,1,1,0,1,1,1,1,1,1,1,1,1,1,1,0,0,1,0,1,1,0,0,1,1,1,1,0,1,1,1,0,0,0,0,0,1,0,1,1,0,0,0,1,0,1,1,1,1,0,0,0,0,1,1,0,1,1,0,1,0,1,1,1,1,1,1,1,0,1,0,1,1,1,1,0,1,1,1,1,1,1,1,1,1,1,0,0,1,1,0
MK045235.1,1,1,1,1,1,1,1,0,0,0,0,1,1,0,0,1,1,1,1,1,1,1,1,1,1,1,0,0,1,0,1,1,0,0,1,1,1,1,0,1,1,1,0,0,0,0,0,1,0,1,1,0,0,0,1,0,1,1,1,1,0,0,0,0,1,1,0,1,1,0,1,0,1,1,1,1,1,1,1,0,1,0,1,1,1,1,0,1,1,1,1,1,1,1,1,1,1,0,0,1,1,0
MK045236.1,1,1,1,1,1,1,1,0,0,0,0,1,1,0,0,1,1,1,1,1,1,1,1,1,1,1,0,0,1,0,1,1,0,0,1,1,1,1,0,1,1,1,0,0,0,0,0,1,0,1,1,0,0,0,1,0,1,1,1,1,0,0,0,0,1,1,0,1,1,0,1,0,1,1,1,1,1,1,1,0,1,0,1,1,1,1,0,1,1,1,1,1,1,1,1,1,1,0,0,1,1,0
MK045237.1,1,1,1,1,1,1,1,0,0,0,0,1,1,0,0,1,1,1,1,1,1,1,1,1,1,1,0,0,1,0,1,1,0,0,1,1,1,1,0,1,1,1,0,0,0,0,0,1,0,1,1,0,0,0,1,0,1,1,1,1,0,0,0,0,1,1,0,1,1,0,1,0,1,1,1,1,1,1,1,0,1,0,1,1,1,1,0,1,1,1,1,1,1,1,1,1,1,0,0,1,1,0
MK045238.1,1,1,1,1,1,1,1,0,0,0,0,1,1,0,0,1,1,1,1,1,1,1,1,1,1,1,0,0,1,0,1,1,0,0,1,1,1,1,0,1,1,1,0,0,0,0,0,1,0,1,1,0,0,0,1,0,1,1,1,1,0,0,0,0,1,1,0,1,1,0,1,0,1,1,1,1,1,1,1,0,1,0,1,1,1,1,0,1,1,1,1,1,1,1,1,1,1,0,0,1,1,0
MK045239.1,1,1,1,1,1,1,1,0,0,0,0,1,1,0,0,1,1,1,1,1,1,1,1,1,1,1,0,0,1,0,1,1,0,0,1,1,1,1,0,1,1,1,0,0,0,0,0,1,0,1,1,0,0,0,1,0,1,1,1,1,0,0,0,0,1,1,0,1,1,0,1,0,1,1,1,1,1,1,1,0,1,0,1,1,1,1,0,1,1,1,1,1,1,1,1,1,1,0,0,1,1,0
MK045240.1,1,1,1,1,1,1,1,0,0,0,0,1,1,0,0,1,1,1,1,1,1,1,1,1,1,1,0,0,1,0,1,1,0,0,1,1,1,1,0,1,1,1,0,0,0,0,0,1,0,1,1,0,0,0,1,0,1,1,1,1,0,0,0,0,1,1,0,1,1,0,1,0,1,1,1,1,1,1,1,0,1,0,1,1,1,1,0,1,1,1,1,1,1,1,1,1,1,0,0,1,1,0
MK045241.1,1,1,1,1,1,1,1,0,0,0,0,1,1,0,0,1,1,1,1,1,1,1,1,1,1,1,0,0,1,0,1,1,0,0,1,1,1,1,0,1,1,1,0,0,0,0,0,1,0,1,1,0,0,0,1,0,1,1,1,1,0,0,0,0,1,1,0,1,1,0,1,0,1,1,1,1,1,1,1,0,1,0,1,1,1,1,0,1,1,1,1,1,1,1,1,1,1,0,0,1,1,0
MK045242.1,1,1,1,1,1,1,1,0,0,0,0,1,1,0,0,1,1,1,1,1,1,1,1,1,1,1,0,0,1,0,1,1,0,0,1,1,1,1,0,1,1,1,0,0,0,0,0,1,0,1,1,0,0,0,1,0,1,1,1,1,0,0,0,0,1,1,0,1,1,0,1,0,1,1,1,1,1,1,1,0,1,0,1,1,1,1,0,1,1,1,1,1,1,1,1,1,1,0,0,1,1,0
MK045243.1,1,1,1,1,1,1,1,0,0,0,0,1,1,0,0,1,1,1,1,1,1,1,1,1,1,1,0,0,1,0,1,1,0,0,1,1,1,1,0,1,1,1,0,0,0,0,0,1,0,1,1,0,0,0,1,0,1,1,1,1,0,0,0,0,1,1,0,1,1,0,1,0,1,1,1,1,1,1,1,0,1,0,1,1,1,1,0,1,1,1,1,1,1,1,1,1,1,0,0,1,1,0
MK045244.1,1,1,1,1,1,1,1,0,1,0,0,1,1,0,0,1,1,1,1,1,1,1,1,1,1,1,0,0,1,0,1,1,0,0,1,1,1,1,0,1,1,1,0,0,0,0,0,1,0,1,1,0,1,0,1,0,1,1,1,1,0,0,1,0,1,1,0,1,1,0,1,0,1,1,1,1,1,1,1,0,1,0,1,1,1,1,0,1,1,1,1,1,1,1,1,1,1,0,0,1,1,0
MK045245.1,1,1,1,1,1,1,1,0,0,0,0,1,1,0,0,1,1,1,1,1,1,1,1,1,1,1,0,0,1,0,1,1,0,0,1,1,1,1,0,1,1,1,0,0,0,0,0,1,0,1,1,0,0,0,1,0,1,1,1,1,0,0,0,0,1,1,0,1,1,0,1,0,1,1,1,1,1,1,1,0,1,0,1,1,1,1,0,1,1,1,1,1,1,1,1,1,1,0,0,1,1,0
MK045246.1,1,1,1,1,1,1,1,0,0,1,0,1,1,0,0,1,1,1,1,1,1,1,1,1,1,1,0,0,1,0,1,1,0,0,1,1,1,1,0,1,1,1,0,0,1,0,0,1,1,1,1,0,0,0,1,0,1,1,1,1,0,0,0,0,1,1,0,1,1,0,1,0,1,1,1,1,1,1,1,0,1,0,0,1,1,1,0,1,1,1,1,1,1,1,1,1,1,0,0,1,1,0
MK045247.1,1,1,1,1,1,1,1,0,0,1,0,1,1,0,0,1,1,1,1,1,1,1,1,1,1,1,0,0,1,0,1,1,0,0,1,1,1,1,0,1,1,1,0,0,1,0,0,1,1,1,1,0,0,0,1,0,1,1,1,1,0,0,0,0,1,1,0,1,1,0,1,0,1,1,1,1,1,1,1,0,1,0,0,1,1,1,0,1,1,1,1,1,1,1,1,1,1,0,0,1,1,0
MK045249.1,1,1,1,1,1,1,1,0,0,1,0,1,1,0,0,1,1,1,1,1,1,1,1,1,1,1,0,0,1,0,1,1,0,0,1,1,1,1,0,1,1,1,0,0,0,0,0,1,1,1,1,0,0,0,1,0,1,1,1,1,0,0,0,0,1,1,0,1,1,0,1,0,1,1,1,1,1,1,1,0,0,0,1,1,1,1,0,1,1,1,1,1,1,1,1,1,1,1,0,1,1,0
MK045250.1,1,1,1,1,1,1,1,1,0,1,0,1,1,0,0,1,1,1,1,1,1,1,1,1,1,1,0,0,1,0,1,1,0,0,1,1,1,1,0,1,1,1,0,0,0,0,0,1,1,1,0,0,0,0,1,0,1,1,1,1,0,0,0,0,1,1,0,1,1,0,1,0,1,1,1,1,1,1,1,0,1,0,1,1,1,1,0,1,1,1,1,1,1,1,1,1,1,0,0,1,1,0
MK045251.1,1,1,1,1,1,1,1,0,0,1,0,1,1,1,0,1,1,1,1,1,1,1,1,1,1,1,0,0,1,0,1,0,1,0,1,1,1,1,0,1,1,1,0,0,1,0,0,1,0,1,1,0,0,0,1,1,1,1,1,1,0,0,0,0,1,1,0,1,1,0,1,0,1,1,1,1,1,1,1,0,1,0,0,1,1,1,0,1,1,1,1,1,1,1,1,1,1,1,0,1,1,0
MK045252.1,1,1,1,1,1,1,1,0,0,1,0,1,1,1,0,1,1,1,1,1,1,1,1,1,1,1,0,0,1,0,1,0,1,0,1,1,1,1,0,1,1,1,0,0,1,0,0,1,0,1,1,0,0,0,1,1,1,1,1,1,0,1,0,0,1,1,0,1,1,0,1,0,1,1,1,1,1,1,1,0,1,0,0,1,1,1,0,1,1,1,1,1,1,1,1,1,1,1,0,1,1,0
MK045253.1,1,1,1,1,1,1,1,0,0,1,0,1,1,1,0,1,1,1,1,1,1,1,1,1,1,1,0,0,1,0,1,0,1,0,1,1,1,1,0,1,1,1,0,0,1,0,0,1,0,1,1,0,0,0,1,1,1,1,1,1,0,1,0,0,1,1,0,1,1,0,1,0,1,1,1,1,1,1,1,0,1,0,0,1,1,1,0,1,1,1,1,1,1,1,1,1,1,1,0,1,1,0
MK045254.1,1,1,1,1,1,1,1,0,0,1,0,1,1,1,0,1,1,1,1,1,1,1,1,1,1,1,0,0,1,0,1,0,0,0,1,1,1,1,0,1,1,1,0,0,1,0,0,1,0,1,1,0,0,0,1,1,1,1,1,1,0,0,0,0,0,1,0,1,1,0,1,0,1,1,1,1,1,1,1,0,1,0,0,1,1,1,0,1,0,1,1,1,1,1,1,1,1,1,0,1,1,0
MK045255.1,1,1,1,1,1,1,1,0,0,1,0,1,1,1,0,1,1,1,1,1,1,1,1,1,1,1,0,0,1,0,1,0,1,0,1,1,1,1,0,1,1,1,0,0,1,0,0,1,0,1,1,0,0,0,1,1,1,1,1,1,0,0,0,1,1,1,0,1,1,0,1,0,1,1,1,1,1,1,1,0,1,0,0,1,1,1,0,1,1,1,1,1,1,1,1,1,1,1,0,1,1,0
MK045256.1,1,1,1,1,1,1,1,0,0,1,0,1,1,1,0,1,1,1,1,1,1,1,1,1,1,1,0,0,1,0,1,0,0,0,1,1,1,1,0,1,1,1,0,0,1,0,0,1,0,1,1,0,0,0,1,1,1,1,1,1,0,0,0,0,0,1,0,1,1,0,1,0,1,1,1,1,1,1,1,0,1,0,0,1,1,1,0,1,0,1,1,1,1,1,1,1,1,1,0,1,1,0
MK045257.1,1,1,1,1,1,1,1,0,0,1,0,1,1,1,0,1,1,1,1,1,1,1,1,1,1,1,0,0,1,0,1,0,0,0,1,1,1,1,0,1,1,1,0,0,1,1,1,1,0,0,1,1,0,0,1,1,1,1,1,1,0,0,0,0,0,1,0,1,1,1,1,0,1,1,1,1,1,1,1,0,1,0,0,1,1,1,0,1,0,1,1,1,1,1,1,1,1,1,0,1,1,0
MK045258.1,1,1,1,1,1,1,1,0,0,1,0,1,1,1,0,1,1,1,1,1,1,1,1,1,1,1,0,0,1,0,1,0,0,0,1,1,1,1,0,1,1,1,0,0,1,0,0,1,0,1,1,0,0,0,1,1,1,1,1,1,0,0,0,0,0,1,0,1,1,0,1,0,1,1,1,1,1,1,1,0,1,0,0,1,1,1,0,1,0,1,1,1,1,1,1,1,1,1,0,1,1,0
MK045259.1,1,1,1,1,1,1,1,0,0,1,0,1,1,1,0,1,1,1,1,1,1,1,1,1,1,1,0,0,1,0,1,0,0,0,1,1,1,1,0,1,1,1,0,0,1,0,0,1,0,1,1,0,0,0,1,1,1,1,1,1,0,0,0,0,0,1,0,1,1,0,1,0,1,1,1,1,1,1,1,0,1,0,0,1,1,1,0,1,0,1,1,1,1,1,1,1,1,1,0,1,1,0
MK440626.1,1,1,1,1,1,1,1,0,0,0,0,1,1,0,0,1,1,1,1,1,1,1,1,1,1,1,0,0,1,0,1,1,0,0,1,1,1,1,0,1,1,1,0,0,0,0,0,1,0,1,1,0,0,0,1,0,1,1,1,1,0,0,0,0,1,1,0,1,1,0,1,0,1,1,1,1,1,1,1,0,1,0,1,1,1,1,0,1,1,1,1,1,1,1,1,1,1,0,0,1,1,0
MN389434.1,1,1,1,1,1,1,1,0,0,0,0,1,1,0,0,1,1,1,1,1,1,1,1,1,1,1,0,0,1,0,1,1,0,0,1,1,1,1,0,1,1,1,0,0,0,0,0,1,0,1,1,0,0,0,1,0,1,1,1,1,0,0,0,0,1,1,0,1,1,0,1,0,1,1,1,1,1,1,1,0,1,0,1,1,1,1,0,1,1,1,1,1,1,1,1,1,1,0,0,1,1,0
MN389435.1,1,1,1,1,1,1,1,0,0,0,0,1,1,0,0,1,1,1,1,1,1,1,1,1,1,1,0,0,1,0,1,1,0,0,1,1,1,1,0,1,1,1,0,0,0,0,0,1,0,1,1,0,0,0,1,0,1,1,1,1,0,0,0,0,1,1,0,1,1,0,1,0,1,1,1,1,1,1,1,0,1,0,1,1,1,1,0,1,1,1,1,1,1,1,1,1,1,0,0,1,1,0
MT270144.1,1,1,1,1,1,1,1,0,0,1,0,1,1,0,0,1,1,1,1,1,1,1,1,1,1,1,0,0,1,0,1,1,0,0,1,1,1,1,0,1,1,1,0,0,0,0,0,1,0,1,1,0,0,0,1,0,1,1,1,1,0,0,0,0,1,1,0,1,1,0,1,0,1,1,1,1,1,1,1,0,1,0,1,1,1,1,0,1,1,1,1,1,1,1,1,1,1,0,0,1,1,0
MT270145.1,1,1,1,1,1,1,1,0,0,0,0,1,1,0,0,1,1,1,1,1,1,1,1,1,1,1,0,0,1,0,1,1,0,0,1,1,1,1,0,1,1,1,0,0,0,0,0,1,0,1,1,0,0,0,1,0,1,1,1,1,0,0,0,0,1,1,0,1,1,0,1,0,1,1,1,1,1,1,1,0,1,0,1,1,1,1,0,1,1,1,1,1,1,1,1,1,1,0,0,1,1,0
NC_001547.1,1,1,1,1,1,1,1,0,0,1,0,1,1,1,0,1,1,1,1,1,1,1,1,1,1,1,0,0,1,0,1,0,1,0,1,1,1,1,0,1,1,1,0,0,1,0,0,1,0,1,1,0,0,0,1,1,1,1,1,1,0,1,0,0,1,1,0,1,1,0,1,0,1,1,1,1,1,1,1,0,1,0,0,1,1,1,0,1,1,1,1,1,1,1,1,1,1,1,0,1,1,0
OK491658.1,1,1,1,1,1,1,1,0,0,0,0,1,1,1,1,1,1,1,1,1,1,1,1,1,1,1,1,0,1,1,1,0,0,0,1,1,1,1,0,1,1,1,0,0,0,0,0,1,0,1,0,0,0,0,1,0,1,1,1,0,0,0,0,0,1,1,0,1,1,0,1,0,1,1,1,1,1,1,1,0,1,1,1,0,1,0,0,1,1,1,1,0,1,0,1,1,1,0,1,1,1,0
OK491659.1,1,1,1,1,1,1,1,0,0,0,0,1,1,1,1,1,1,1,1,1,1,1,1,1,1,1,1,0,1,1,1,0,0,0,1,1,1,1,0,1,1,1,0,0,0,0,0,1,0,1,0,0,0,0,1,0,1,1,1,0,0,0,0,0,1,1,1,1,1,0,1,1,1,1,1,1,1,1,1,0,1,1,1,0,1,0,0,1,1,1,1,1,1,0,1,1,1,0,1,1,1,0
OK491660.1,1,1,1,1,1,1,1,0,0,0,0,1,1,1,1,1,1,1,1,1,1,1,1,1,1,1,1,0,1,1,1,0,0,0,1,1,1,1,0,1,1,1,0,0,0,0,0,1,0,1,0,0,0,0,1,0,1,1,1,0,0,0,0,0,1,1,1,1,1,0,1,1,1,1,1,1,1,1,1,0,1,1,1,0,1,0,0,1,1,1,1,1,1,0,1,1,1,0,1,1,1,1
OK491661.1,1,1,1,1,1,1,1,0,0,0,0,1,1,1,1,1,1,1,1,1,1,1,1,1,1,1,1,0,1,1,1,0,0,0,1,1,1,1,0,1,1,1,0,0,0,0,0,1,0,1,0,0,0,0,1,0,1,1,1,0,0,0,0,0,0,1,1,1,1,0,1,0,1,1,1,1,1,1,1,0,1,1,1,0,1,0,0,1,1,1,1,1,1,0,1,1,1,0,1,1,1,0
OK491662.1,1,1,1,1,1,1,1,0,0,0,0,1,1,1,1,1,1,1,1,1,1,1,1,1,1,1,1,0,1,1,1,0,0,0,1,1,1,1,0,1,1,1,0,0,0,0,0,1,0,1,0,0,0,0,1,0,1,1,1,0,0,0,0,0,1,1,1,1,1,0,1,1,1,1,1,1,1,1,1,0,1,1,1,0,1,0,0,1,1,1,1,1,1,0,1,1,1,0,1,1,1,0
OK491663.1,1,1,1,1,1,1,1,0,0,0,0,1,1,1,1,1,1,1,1,1,1,1,1,1,1,1,1,0,1,1,1,0,0,0,1,1,1,1,0,1,1,1,0,0,0,0,0,1,0,1,0,0,0,0,1,0,1,1,1,0,0,0,0,0,1,1,1,1,1,0,1,1,1,1,1,1,1,1,1,0,1,1,1,0,1,0,0,1,1,1,1,1,1,0,1,1,1,0,1,1,1,0
OK491664.1,1,1,1,1,1,1,1,0,0,0,0,1,1,1,1,1,1,1,1,1,1,1,1,1,1,1,1,0,1,1,1,0,0,0,1,1,1,1,0,1,1,1,0,0,0,0,0,1,0,1,0,0,0,0,1,0,1,1,1,0,0,0,0,0,1,1,1,1,1,0,1,1,1,1,1,1,1,1,1,0,1,1,1,0,1,0,0,1,1,1,1,1,1,0,1,1,1,0,1,1,1,1
OK491665.1,1,1,1,1,1,1,1,0,0,0,0,1,1,1,1,1,1,1,1,1,1,1,1,1,1,1,1,0,1,1,1,0,0,0,1,1,1,1,0,1,1,1,0,0,0,0,0,1,0,1,0,0,0,0,1,0,1,1,1,0,0,0,0,0,1,1,1,1,1,0,1,1,1,1,1,1,1,1,1,0,1,1,1,0,1,0,0,1,1,1,1,1,1,0,1,1,1,0,1,1,1,0
OK491666.1,1,1,1,1,1,1,1,0,0,0,0,1,1,1,1,1,1,1,1,1,1,1,1,1,1,1,1,0,1,1,1,0,0,0,1,1,1,1,0,1,1,1,0,0,0,0,0,1,0,1,0,0,0,0,1,0,1,1,1,0,0,0,0,0,0,1,1,1,1,0,1,0,1,1,1,1,1,1,1,0,1,1,1,0,1,0,0,1,1,1,1,1,1,0,1,1,1,0,1,1,1,0
OK491667.1,1,1,1,1,1,1,1,0,0,0,0,1,1,1,1,1,1,1,1,1,1,1,1,1,1,1,1,0,1,1,1,0,0,0,1,1,1,1,0,1,1,1,0,0,0,0,0,1,0,1,0,0,0,0,1,0,1,1,1,0,0,0,0,0,0,1,1,1,1,0,1,0,1,1,1,1,1,1,1,0,1,1,1,0,1,0,0,1,1,1,1,1,1,0,1,1,1,0,1,1,1,0
OK491668.1,1,1,1,1,1,1,1,0,0,0,0,1,1,1,1,1,1,1,1,1,1,1,1,1,1,1,1,0,1,1,1,0,0,0,1,1,1,1,0,1,1,1,0,0,0,0,0,1,0,1,0,0,0,0,1,0,1,1,1,0,0,0,0,0,0,1,1,1,1,0,1,0,1,1,1,1,1,1,1,0,1,1,1,0,1,0,0,1,1,1,1,1,1,0,1,1,1,0,1,1,1,0
OK491669.1,1,1,1,1,1,1,1,0,0,0,0,1,1,1,1,1,1,1,1,1,1,1,1,1,1,1,1,0,1,1,1,0,0,0,1,1,1,1,0,1,1,1,0,0,0,0,0,1,0,1,0,0,0,0,1,0,1,1,1,0,0,0,0,0,0,1,1,1,1,0,1,0,1,1,1,1,1,1,1,0,1,1,1,0,1,0,0,1,1,1,1,1,1,0,1,1,1,0,1,1,1,0
OK491670.1,1,1,1,1,1,1,1,0,0,0,0,1,1,1,1,1,1,1,1,1,1,1,1,1,1,1,1,0,1,1,1,0,0,0,1,1,1,1,0,1,1,1,0,0,0,0,0,1,0,1,0,0,0,0,1,0,1,1,1,0,0,0,0,0,0,1,1,1,1,0,1,0,1,1,1,1,1,1,1,0,1,1,1,1,1,0,0,1,1,1,1,1,1,0,1,1,1,0,1,1,1,0
OK491671.1,1,1,1,1,1,1,1,0,0,0,0,1,1,1,1,1,1,1,1,1,1,1,1,1,1,1,1,0,1,1,1,0,0,0,1,1,1,1,0,1,1,1,0,0,0,0,0,1,0,1,0,0,0,0,1,0,1,1,1,0,0,0,0,0,0,1,1,1,1,0,1,0,1,1,1,1,1,1,1,0,1,1,1,0,1,0,0,1,1,1,1,1,1,0,1,1,1,0,1,1,1,0
OK491672.1,1,1,1,1,1,1,1,0,0,0,0,1,1,1,1,1,1,1,1,1,1,1,1,1,1,1,1,0,1,1,1,0,0,0,1,1,1,1,0,1,1,1,0,0,0,0,0,1,0,1,0,0,0,0,1,0,1,1,1,0,0,0,0,0,0,1,1,1,1,0,1,0,1,1,1,1,1,1,1,0,1,1,1,0,1,0,0,1,1,1,1,1,1,0,1,1,1,0,1,1,1,0
OK491673.1,1,1,1,1,1,1,1,0,0,0,0,1,1,1,1,1,1,1,1,1,1,1,1,1,1,1,1,0,1,1,1,0,0,0,1,1,1,1,0,1,1,1,0,0,0,0,0,1,0,1,0,0,0,0,1,0,1,1,1,0,0,0,0,0,0,1,1,1,1,0,1,0,1,1,1,1,1,1,1,0,1,1,1,0,1,0,0,1,1,1,1,1,1,0,1,1,1,0,1,1,1,0
OK491674.1,1,1,1,1,1,1,1,0,0,0,0,1,1,1,1,1,1,1,1,1,1,1,1,1,1,1,1,0,1,1,1,0,0,0,1,1,1,1,0,1,1,1,0,0,0,0,0,1,0,1,0,0,0,0,1,0,1,1,1,0,0,0,0,0,1,1,1,1,1,0,1,0,1,1,1,1,1,1,1,0,1,1,1,0,1,0,0,1,1,1,1,1,1,0,1,1,1,0,1,1,1,0
OK491675.1,1,1,1,1,1,1,1,0,0,0,0,1,1,1,1,1,1,1,1,1,1,1,1,1,1,1,1,0,1,1,1,0,0,0,1,1,1,1,0,1,1,1,0,0,0,0,0,1,0,1,0,0,0,0,1,0,1,1,1,0,1,0,0,0,1,1,1,1,1,0,1,0,1,1,1,1,1,1,1,0,1,1,1,0,1,0,0,1,1,1,1,1,1,0,1,1,1,0,1,1,1,0
OK491676.1,1,1,1,1,1,1,1,0,0,0,0,1,1,1,1,1,1,1,1,1,1,1,1,1,1,1,1,0,1,1,1,0,0,0,1,1,1,1,0,1,1,1,0,0,0,0,0,1,0,1,1,0,0,0,1,0,1,1,1,0,0,0,0,0,1,1,1,1,1,0,1,0,1,1,1,1,1,1,1,0,1,1,1,0,1,0,0,1,1,1,1,1,1,0,1,1,1,0,1,1,1,0
OK491677.1,1,1,1,1,1,1,1,0,0,0,0,1,1,1,1,1,1,1,1,1,1,1,1,1,1,1,1,0,1,1,1,0,0,0,1,1,1,1,0,1,1,1,0,0,0,0,0,1,0,1,1,0,0,0,1,0,1,1,1,0,0,0,0,0,1,1,1,1,1,0,1,0,1,1,1,1,1,1,1,0,1,1,1,0,1,0,0,1,1,1,1,1,1,0,1,1,1,0,1,1,1,0
OK491678.1,1,1,1,1,1,1,1,0,0,0,0,1,1,1,1,1,1,1,1,1,1,1,1,1,1,1,1,0,1,1,1,0,0,0,1,1,1,1,0,1,1,1,0,0,0,0,0,1,0,1,1,0,0,0,1,0,1,1,1,0,0,0,0,0,1,1,1,1,1,0,1,0,1,1,1,1,1,1,1,0,1,1,1,0,1,0,0,1,1,1,1,1,1,0,1,1,1,0,1,1,1,0
OK491679.1,1,1,1,1,1,1,1,0,0,0,0,1,1,1,1,1,1,1,1,1,1,1,1,1,1,1,1,0,1,1,1,0,0,0,1,1,1,1,0,1,1,1,0,0,0,0,0,1,0,1,1,0,0,0,1,0,1,1,1,0,0,0,0,0,1,1,1,1,1,0,1,0,1,1,1,1,1,1,1,0,1,1,1,0,1,0,0,1,1,1,1,1,1,0,1,1,1,0,1,1,1,0
OK491680.1,1,1,1,1,1,1,1,0,0,0,0,1,1,1,1,1,1,1,1,1,1,1,1,1,1,1,1,0,1,1,1,0,0,0,1,1,1,1,0,1,1,1,0,0,0,0,0,1,0,1,1,0,0,0,1,0,1,1,1,0,0,0,0,0,1,1,1,1,1,0,1,0,1,1,1,1,1,1,1,0,1,1,1,0,1,0,0,1,1,1,1,1,1,0,1,1,1,0,1,1,1,0
OK491681.1,1,1,1,1,1,1,1,0,0,0,0,1,1,1,1,1,1,1,1,1,1,1,1,1,1,1,0,0,1,1,1,0,0,0,1,1,1,1,0,1,1,1,0,0,0,0,0,1,0,1,0,0,0,0,1,0,1,1,1,1,0,0,0,0,1,1,1,1,1,0,1,0,1,1,1,1,1,1,1,0,1,1,1,1,1,1,0,1,1,1,1,1,1,0,1,1,1,0,1,1,1,0
OK491682.1,1,1,1,1,1,1,1,0,0,0,0,1,1,1,1,1,1,1,1,1,1,1,1,1,1,1,0,0,1,1,1,0,0,0,1,1,1,1,0,1,1,1,0,0,0,0,0,1,0,1,0,0,0,0,1,0,1,1,1,1,0,0,0,0,1,1,1,1,1,0,1,0,1,1,1,1,1,1,1,0,1,1,1,1,1,1,0,1,1,1,1,1,1,0,1,1,1,0,1,1,1,0
OK491683.1,1,1,1,1,1,1,1,0,0,0,0,1,1,1,1,1,1,1,1,1,1,1,1,1,1,1,1,0,1,1,1,0,0,0,1,1,1,1,0,1,1,1,0,0,0,0,0,1,0,1,0,0,0,0,1,0,1,1,1,0,1,0,0,0,1,1,0,1,1,0,1,0,1,1,1,1,1,1,1,0,1,1,1,0,1,0,0,1,1,1,1,0,1,0,1,1,1,0,1,1,1,0
OK491684.1,1,1,1,1,1,1,1,0,0,0,0,1,1,1,1,1,1,1,1,1,1,1,1,1,1,1,0,0,1,1,1,0,0,1,1,1,1,1,0,1,1,1,0,0,0,0,0,1,0,1,0,0,0,0,1,0,1,1,1,0,0,0,0,0,1,1,0,1,1,0,1,0,1,1,1,1,1,1,1,0,1,1,1,0,1,0,0,1,1,1,1,1,1,0,1,1,1,0,1,1,1,0
OK491685.1,1,1,1,1,1,1,1,0,0,0,0,1,1,1,1,1,1,1,1,1,1,1,1,1,1,1,0,0,1,1,1,0,0,0,1,1,1,1,0,1,1,1,0,0,0,0,0,1,0,1,0,0,0,0,1,0,1,1,1,0,0,0,0,0,0,1,0,1,1,0,1,0,1,1,1,1,1,1,1,0,1,1,1,0,1,0,0,1,1,1,1,0,1,0,1,1,1,0,1,1,1,0
OK491686.1,1,1,1,1,1,1,1,0,0,0,0,1,1,1,1,1,1,1,1,1,1,1,1,1,1,1,1,0,1,1,1,0,0,0,1,1,1,1,0,1,1,1,0,0,0,0,0,1,0,1,0,0,0,0,1,0,1,1,1,0,0,0,0,0,1,1,1,1,1,0,1,0,1,1,1,1,1,1,1,0,1,1,1,0,1,0,0,1,1,1,1,1,1,0,1,1,1,0,1,1,1,0
OK491687.1,1,1,1,1,1,1,1,0,0,0,0,1,1,1,1,1,1,1,1,1,1,1,1,1,1,1,1,0,1,1,1,0,0,0,1,1,1,1,0,1,1,1,0,0,0,0,0,1,0,1,0,0,0,0,1,0,1,1,1,0,0,0,0,0,1,1,1,1,1,0,1,0,1,1,1,1,1,1,1,0,1,1,1,0,1,0,0,1,1,1,1,1,1,0,1,1,1,0,1,1,1,0
OK491688.1,1,1,1,1,1,1,1,0,0,0,0,1,1,1,1,1,1,1,1,1,1,1,1,1,1,1,1,0,1,1,1,0,0,0,1,1,1,1,0,1,1,1,0,0,0,0,0,1,0,1,0,0,0,0,1,0,1,1,1,0,0,0,0,0,1,1,1,1,1,0,1,0,1,1,1,1,1,1,1,0,1,1,1,0,1,0,0,1,1,1,1,1,1,0,1,1,1,0,1,1,1,0
OK491689.1,1,1,1,1,1,1,1,0,0,0,0,1,1,1,1,1,1,1,1,1,1,1,1,1,1,1,1,0,1,1,1,0,0,0,1,1,1,1,0,1,1,1,0,0,0,0,0,1,0,1,0,0,0,0,1,0,1,1,1,0,0,0,0,0,1,1,1,1,1,0,1,0,1,1,1,1,1,1,1,0,1,1,1,0,1,0,0,1,1,1,1,1,1,0,1,1,1,0,1,1,1,0
OK491690.1,1,1,1,1,1,1,1,0,0,0,0,1,1,1,1,1,1,1,1,1,1,1,1,1,1,1,1,0,1,1,1,0,0,0,1,1,1,1,0,1,1,1,0,0,0,0,0,1,0,1,0,0,0,0,1,0,1,1,1,0,0,0,0,0,1,1,0,1,1,0,1,0,1,1,1,1,1,1,1,0,1,1,1,0,1,0,0,1,1,1,1,0,1,0,1,1,1,0,1,1,1,0
OK491691.1,1,1,1,1,1,1,1,0,0,0,0,1,1,1,1,1,1,1,1,1,1,1,1,1,1,1,1,0,1,1,1,0,0,0,1,1,1,1,0,1,1,1,0,0,0,0,0,1,0,1,0,0,0,0,1,0,1,1,1,0,0,0,0,0,1,1,0,1,1,0,1,0,1,1,1,1,1,1,1,0,1,1,1,0,1,0,0,1,1,1,1,0,1,0,1,1,1,0,1,1,1,0
OK491692.1,1,1,1,1,1,1,1,0,0,0,0,1,1,1,1,1,1,1,1,1,1,1,1,1,1,1,1,0,1,1,1,0,0,0,1,1,1,1,0,1,1,1,0,0,0,0,0,1,0,1,0,0,0,0,1,0,1,1,1,0,0,0,0,0,1,1,0,1,1,0,1,0,1,1,1,1,1,1,1,0,1,1,1,0,1,0,0,1,1,1,1,0,1,0,1,1,1,0,1,1,1,0
OK491693.1,1,1,1,1,1,1,1,0,0,0,0,1,1,1,1,1,1,1,1,1,1,1,1,1,1,1,1,0,1,1,1,0,0,0,1,1,1,1,0,1,1,1,0,0,0,0,0,1,0,1,0,0,0,0,1,0,1,1,1,0,0,0,0,0,1,1,0,1,1,0,1,0,1,1,1,1,1,1,1,0,1,1,1,0,1,0,0,1,1,1,1,0,1,0,1,1,1,0,1,1,1,0
OK491694.1,1,1,1,1,1,1,1,0,0,0,0,1,1,1,1,1,1,1,1,1,1,1,1,1,1,1,1,0,1,1,1,0,0,0,1,1,1,1,0,1,1,1,0,0,0,0,0,1,0,1,0,0,0,0,1,0,1,1,1,0,0,0,0,0,1,1,1,1,1,0,1,0,1,1,1,1,1,1,1,0,1,1,1,0,1,0,0,1,1,1,1,1,1,0,1,1,1,0,1,1,1,0
OK491695.1,1,1,1,1,1,1,1,0,0,0,0,1,1,1,1,1,1,1,1,1,1,1,1,1,1,1,1,0,1,1,1,0,0,0,1,1,1,1,0,1,1,1,0,0,0,0,0,1,0,1,0,0,0,0,1,0,1,1,1,0,0,0,0,0,1,1,0,1,1,0,1,0,1,1,1,1,1,1,1,0,1,1,1,0,1,0,0,1,1,1,1,0,1,0,1,1,1,0,1,1,1,0
OK491696.1,1,1,1,1,1,1,1,0,0,0,0,1,1,1,1,1,1,1,1,1,1,1,1,1,1,1,1,0,1,1,1,0,0,0,1,1,1,1,0,1,1,1,0,0,0,0,0,1,0,1,0,0,0,0,1,0,1,1,1,0,0,0,0,0,0,1,1,1,1,0,1,0,1,1,1,1,1,1,1,0,1,1,1,0,1,0,0,1,1,1,1,1,1,0,1,1,1,0,1,1,1,0
OK491697.1,1,1,1,1,1,1,1,0,0,0,0,1,1,1,1,1,1,1,1,1,1,1,1,1,1,1,1,0,1,1,1,0,0,0,1,1,1,1,0,1,1,1,0,0,0,0,0,1,0,1,0,0,0,0,1,0,1,1,1,0,0,0,0,0,0,1,1,1,1,0,1,0,1,1,1,1,1,1,1,0,1,1,1,0,1,0,0,1,1,1,1,1,1,0,1,1,1,0,1,1,1,0
OK491698.1,1,1,1,1,1,1,1,0,0,0,0,1,1,1,1,1,1,1,1,1,1,1,1,1,1,1,1,0,1,1,1,0,0,0,1,1,1,1,0,1,1,1,0,0,0,0,0,1,0,1,0,0,0,0,1,0,1,1,1,0,0,1,0,0,1,1,0,1,1,0,1,0,1,1,1,1,1,1,1,0,1,1,1,0,1,0,0,1,1,1,1,1,1,0,1,1,1,0,1,1,1,0
OK491699.1,1,1,1,1,1,1,1,0,0,0,0,1,1,1,1,1,1,1,1,1,1,1,1,1,1,1,1,0,1,1,1,0,0,0,1,1,1,1,0,1,1,1,0,0,0,0,0,1,0,1,1,0,0,0,1,0,1,1,1,0,0,0,0,0,1,1,1,1,1,0,1,0,1,1,1,1,1,1,1,0,1,1,1,0,1,0,0,1,1,1,1,1,1,0,1,1,1,0,1,1,1,0
OK491700.1,1,1,1,1,1,1,1,0,0,0,0,1,1,1,1,1,1,1,1,1,1,1,1,1,1,1,1,0,1,1,1,0,0,0,1,1,1,1,0,1,1,1,0,0,0,0,0,1,0,1,0,0,0,0,1,0,1,1,1,0,0,0,0,0,1,1,1,1,1,0,1,0,1,1,1,1,1,1,1,0,1,1,1,0,1,0,0,1,1,1,1,1,1,0,1,1,1,0,1,1,1,0
OK491701.1,1,1,1,1,1,1,1,0,0,0,0,1,1,1,1,1,1,1,1,1,1,1,1,1,1,1,1,0,1,1,1,0,0,0,1,1,1,1,0,1,1,1,0,0,0,0,0,1,0,1,0,0,0,0,1,0,1,1,1,0,0,0,0,0,1,1,1,1,1,0,1,0,1,1,1,1,1,1,1,0,1,1,1,0,1,0,0,1,1,1,1,1,1,0,1,1,1,0,1,1,1,0
OK491702.1,1,1,1,1,1,1,1,0,0,0,0,1,1,1,1,1,1,1,1,1,1,1,1,1,1,1,1,0,1,1,1,0,0,0,1,1,1,1,0,1,1,1,0,0,0,0,0,1,0,1,0,0,0,0,1,0,1,1,1,0,0,0,0,0,1,1,1,1,1,0,1,0,1,1,1,1,1,1,1,0,1,1,1,0,1,0,0,1,1,1,1,1,1,0,1,1,1,0,1,1,1,0
OK491703.1,1,1,1,1,1,1,1,0,0,0,0,1,1,1,1,1,1,1,1,1,1,1,1,1,1,1,1,0,1,1,1,0,0,0,1,1,1,1,0,1,1,1,0,0,0,0,0,1,0,1,0,0,0,0,1,0,1,1,1,0,0,0,0,0,1,1,1,1,1,0,1,0,1,1,1,1,1,1,1,0,1,1,1,0,1,0,0,1,1,1,1,1,1,0,1,1,1,0,1,1,1,0
OK491704.1,1,1,1,1,1,1,1,0,0,0,0,1,1,1,1,1,1,1,1,1,1,1,1,1,1,1,1,0,1,1,1,0,0,0,1,1,1,1,0,1,1,1,0,0,0,0,0,1,0,1,0,0,0,0,1,0,1,1,1,0,0,0,0,0,1,1,1,1,1,0,1,0,1,1,1,1,1,1,1,0,1,1,1,0,1,0,0,1,1,1,1,1,1,0,1,1,1,0,1,1,1,0
OK491705.1,1,1,1,1,1,1,1,0,0,0,0,1,1,1,1,1,1,1,1,1,1,1,1,1,1,1,1,1,1,1,1,0,0,0,1,1,1,1,0,1,1,1,0,0,0,0,0,1,0,1,0,0,0,0,1,0,1,1,1,0,0,0,0,0,1,1,1,1,1,0,1,0,1,1,1,1,1,1,1,0,1,1,1,0,1,0,0,1,1,1,1,1,1,0,1,1,1,0,1,1,1,0
OK491706.1,1,1,1,1,1,1,1,0,0,0,0,1,1,1,1,1,1,1,1,1,1,1,1,1,1,1,1,0,1,1,1,0,0,0,1,1,1,1,0,1,1,1,0,0,0,0,0,1,0,1,0,0,0,0,1,0,1,1,1,0,0,0,0,0,0,1,1,1,1,0,1,0,1,1,1,1,1,1,1,0,1,1,1,0,1,0,0,1,1,1,1,1,1,0,1,1,1,0,1,1,1,0
OK491707.1,1,1,1,1,1,1,1,0,0,0,0,1,1,1,1,1,1,1,1,1,1,1,1,1,1,1,1,0,1,1,1,0,0,0,1,1,1,1,0,1,1,1,0,0,0,0,0,1,0,1,0,0,0,0,1,0,1,1,1,0,0,0,0,0,1,1,0,1,1,0,1,0,1,1,1,1,1,1,1,0,1,1,1,0,1,0,0,1,1,1,1,0,1,0,1,1,1,0,1,1,1,0
OK539682.1,1,1,1,1,1,1,1,1,0,1,0,1,1,0,0,1,1,1,1,1,1,1,1,1,1,1,0,0,1,0,1,1,0,0,1,1,1,1,0,1,1,1,0,0,0,0,0,1,1,1,0,0,0,0,1,0,1,1,1,1,0,0,0,0,1,1,0,1,1,0,1,0,1,1,1,1,1,1,1,0,1,0,0,1,1,1,0,1,1,1,1,1,1,1,1,1,1,0,0,1,1,0
OK644705.1,1,1,1,1,1,1,1,0,0,1,0,1,1,1,0,1,1,1,1,1,1,1,1,1,1,1,0,0,1,0,1,0,0,0,1,1,1,1,1,1,1,1,0,0,1,0,0,1,0,1,1,0,0,0,1,1,1,1,1,1,0,0,0,0,0,1,0,1,1,0,1,0,1,1,1,1,1,1,1,0,1,0,0,1,1,1,0,1,0,1,1,1,1,1,1,1,1,1,0,1,1,0
OL856082.1,1,1,1,1,1,1,1,0,0,0,0,1,1,1,1,1,1,1,1,1,1,1,1,1,1,1,1,0,1,1,1,0,0,0,1,1,1,1,0,1,1,1,0,0,0,0,0,1,0,1,0,0,0,0,1,0,1,1,1,0,0,0,0,0,1,1,1,1,1,0,1,0,1,1,1,1,1,1,1,0,1,1,1,0,1,0,0,1,1,1,1,1,1,0,1,1,1,0,1,1,1,0
OL856083.1,1,1,1,1,1,1,1,0,0,0,0,1,1,1,1,1,1,1,1,1,1,1,1,1,1,1,1,0,1,1,1,0,0,0,1,1,1,1,0,1,1,1,0,0,0,0,0,1,0,1,0,0,0,0,1,0,1,1,1,0,0,0,0,0,1,1,1,1,1,0,1,0,1,1,1,1,1,1,1,0,1,1,1,0,1,0,0,1,1,1,1,1,1,0,1,1,1,0,1,1,1,0
OL856084.1,1,1,1,1,1,1,1,0,0,0,0,1,1,1,1,1,1,1,1,1,1,1,1,1,1,1,1,0,1,1,1,0,0,0,1,1,1,1,0,1,1,1,0,0,0,0,0,1,0,1,0,0,0,0,1,0,1,1,1,0,0,0,0,0,1,1,1,1,1,0,1,0,1,1,1,1,1,1,1,0,1,1,1,0,1,0,0,1,1,1,1,1,1,0,1,1,1,0,1,1,1,0
OL856085.1,1,1,1,1,1,1,1,0,0,0,0,1,1,1,1,1,1,1,1,1,1,1,1,1,1,1,1,0,1,1,1,0,0,0,1,1,1,1,0,1,1,1,0,0,0,0,0,1,0,1,0,0,0,0,1,0,1,1,1,0,0,0,0,0,1,1,1,1,1,0,1,0,1,1,1,1,1,1,1,0,1,1,1,0,1,0,0,1,1,1,1,1,1,0,1,1,1,0,1,1,1,0
OL856086.1,1,1,1,1,1,1,1,0,0,0,0,1,1,1,1,1,1,1,1,1,1,1,1,1,1,1,1,0,1,1,1,0,0,0,1,1,1,1,0,1,1,1,0,0,0,0,0,1,0,1,0,0,0,0,1,0,1,1,1,0,0,0,0,0,1,1,1,1,1,0,1,0,1,1,1,1,1,1,1,0,1,1,1,0,1,0,0,1,1,1,1,1,1,0,1,1,1,0,1,1,1,0
OL856087.1,1,1,1,1,1,1,1,0,0,0,0,1,1,1,1,1,1,1,1,1,1,1,1,1,1,1,1,0,1,1,1,0,0,0,1,1,1,1,0,1,1,1,0,0,0,0,0,1,0,1,0,0,0,0,1,0,1,1,1,0,0,0,0,0,1,1,1,1,1,0,1,0,1,1,1,1,1,1,1,0,1,1,1,0,1,0,0,1,1,1,1,1,1,0,1,1,1,0,1,1,1,0
OL856088.1,1,1,1,1,1,1,1,0,0,0,0,1,1,1,1,1,1,1,1,1,1,1,1,1,1,1,1,0,1,1,1,0,0,0,1,1,1,1,0,1,1,1,0,0,0,0,0,1,0,1,0,0,0,0,1,0,1,1,1,0,0,0,0,0,1,1,1,1,1,0,1,0,1,1,1,1,1,1,1,0,1,1,1,0,1,0,0,1,1,1,1,1,1,0,1,1,1,0,1,1,1,0
OL856089.1,1,1,1,1,1,1,1,0,0,0,0,1,1,1,1,1,1,1,1,1,1,1,1,1,1,1,1,0,1,1,1,0,0,0,1,1,1,1,0,1,1,1,0,0,0,0,0,1,0,1,0,0,0,0,1,0,1,1,1,0,0,0,0,0,1,1,1,1,1,0,1,0,1,1,1,1,1,1,1,0,1,1,1,0,1,0,0,1,1,1,1,1,1,0,1,1,1,0,1,1,1,0
OL856090.1,1,1,1,1,1,1,1,0,0,0,0,1,1,1,1,1,1,1,1,1,1,1,1,1,1,1,1,0,1,1,1,0,0,0,1,1,1,1,0,1,0,1,0,0,0,1,1,1,0,0,0,1,0,0,1,0,1,1,1,0,0,0,0,0,1,1,1,1,1,1,1,0,1,1,1,1,1,1,1,0,1,1,1,0,1,0,0,1,1,1,1,1,1,0,1,1,1,0,1,1,1,0
OL856091.1,1,1,1,1,1,1,1,0,0,0,0,1,1,1,1,1,1,1,1,1,1,1,1,1,1,1,1,0,1,1,1,0,0,0,1,1,1,1,0,1,1,1,0,0,0,0,0,1,0,1,0,0,0,0,1,0,1,1,1,0,0,0,0,0,1,1,1,1,1,0,1,0,1,1,1,1,1,1,1,0,1,1,1,0,1,0,0,1,1,1,1,1,1,0,1,1,1,0,1,1,1,0
OL856092.1,1,1,1,1,1,1,1,0,0,0,0,1,1,1,1,1,1,1,1,1,1,1,1,1,1,1,1,0,1,1,1,0,0,0,1,1,1,1,0,1,1,1,0,0,0,0,0,1,0,1,0,0,0,0,1,0,1,1,1,0,0,0,0,0,1,1,1,1,1,0,1,0,1,1,1,1,1,1,1,0,1,1,1,0,1,0,0,1,1,1,1,1,1,0,1,1,1,0,1,1,1,0
OL943983.1,1,1,1,1,1,1,1,0,0,1,0,1,1,0,0,1,1,1,1,1,1,1,1,1,1,1,0,0,1,0,1,0,0,0,1,1,1,1,1,1,1,1,0,0,1,0,0,1,0,1,1,0,0,0,1,0,1,1,1,1,0,0,0,0,0,1,0,1,1,0,1,0,1,1,1,1,1,1,1,0,1,0,0,1,1,1,0,1,0,1,1,1,1,1,1,1,1,1,0,1,1,0
OL943984.1,1,1,1,1,1,1,1,0,0,1,0,1,1,0,0,1,1,1,1,1,1,1,1,1,1,1,0,0,1,0,1,0,0,0,1,1,1,1,1,1,1,1,0,0,1,0,0,1,0,1,1,0,0,0,1,0,1,1,1,1,0,0,0,0,0,1,0,1,1,0,1,0,1,1,1,1,1,1,1,0,1,0,0,1,1,1,0,1,0,1,1,1,1,1,1,1,1,1,0,1,1,0
OL943985.1,1,1,1,1,1,1,1,0,0,1,0,1,1,0,0,1,1,1,1,1,1,1,1,1,1,1,0,0,1,0,1,0,0,0,1,1,1,1,1,1,1,1,0,0,1,0,0,1,0,1,1,0,0,0,1,0,1,1,1,1,0,0,0,0,0,1,0,1,1,0,1,0,1,1,1,1,1,1,1,0,1,0,0,1,1,1,0,1,0,1,1,1,1,1,1,1,1,1,0,1,1,0
OL943986.1,1,1,1,1,1,1,1,0,0,1,0,1,1,0,0,1,1,1,1,1,1,1,1,1,1,1,0,0,1,0,1,0,0,0,1,1,1,1,1,1,1,1,0,0,1,0,0,1,0,1,1,0,0,0,1,0,1,1,1,1,0,0,0,0,0,1,0,1,1,0,1,0,1,1,1,1,1,1,1,0,1,0,0,1,1,1,0,1,0,1,1,1,1,1,1,1,1,1,0,1,1,0
OM179803.1,1,1,1,1,1,1,1,0,0,1,0,1,1,1,0,1,1,1,1,1,1,1,1,1,1,1,0,0,1,0,1,0,1,0,1,1,1,1,0,1,1,1,0,0,1,0,0,1,0,1,1,0,0,0,1,1,1,1,1,1,0,1,0,0,1,1,0,1,1,0,1,0,1,1,1,1,1,1,1,0,1,0,0,1,1,1,0,1,1,1,1,1,1,1,1,1,1,1,0,1,1,0
ON003414.1,1,1,1,1,1,1,1,0,0,0,0,1,1,1,1,1,1,1,1,1,1,1,1,1,1,1,0,0,1,1,1,0,0,0,1,1,1,1,0,1,1,1,0,0,0,0,0,1,0,1,0,0,0,0,1,0,1,1,1,0,0,0,0,0,0,1,0,1,1,0,1,0,1,1,1,1,1,1,1,0,1,1,1,0,1,0,0,1,1,1,1,0,1,0,1,1,1,0,1,1,1,0
ON003415.1,1,1,1,1,1,1,1,0,0,0,0,1,1,1,1,1,1,1,1,1,1,1,1,1,1,1,0,0,1,1,1,0,0,0,1,1,1,1,0,1,1,1,0,0,0,0,0,1,0,1,0,0,0,0,1,0,1,1,1,0,0,0,0,0,0,1,0,1,1,0,1,0,1,1,1,1,1,1,1,0,1,1,1,0,1,0,0,1,1,1,1,0,1,0,1,1,1,0,1,1,1,0
ON158123.1,1,1,1,1,1,1,1,0,0,1,0,1,1,1,0,1,1,1,1,1,1,1,1,1,1,1,0,0,1,0,1,0,0,0,1,1,1,1,0,1,1,1,0,0,1,0,0,1,0,1,1,0,0,0,1,1,1,1,1,1,0,0,0,0,0,1,0,1,1,0,1,0,1,1,1,1,1,1,1,0,1,0,0,1,1,1,0,1,0,1,1,1,1,1,1,1,1,1,0,1,1,0
ON158125.1,1,1,1,1,1,1,1,0,0,1,0,1,1,1,0,1,1,1,1,1,1,1,1,1,1,1,0,0,1,0,1,0,0,0,1,1,1,1,0,1,1,1,0,0,1,0,0,1,0,1,1,0,0,0,1,1,1,1,1,1,0,0,0,0,0,1,0,1,1,0,1,0,1,1,1,1,1,1,1,0,1,0,0,1,1,1,0,1,0,1,1,1,1,1,1,1,1,1,0,1,1,0
OR183436.1,1,1,1,1,1,1,1,0,0,1,0,1,1,0,0,1,1,1,1,1,1,1,1,1,1,1,0,0,1,0,1,1,0,0,1,1,1,1,0,1,1,1,0,0,0,0,0,1,1,1,1,0,0,0,1,0,1,1,1,1,0,0,0,0,1,1,0,1,1,0,1,0,1,1,1,1,1,1,1,0,1,0,1,1,1,1,0,1,1,1,1,1,1,1,1,1,1,1,0,1,1,0
OR659083.1,1,1,1,1,1,1,1,0,0,1,0,1,1,0,0,1,1,1,1,1,1,1,1,1,1,1,0,0,1,0,1,1,0,0,1,1,1,1,0,1,1,1,0,0,0,0,0,1,0,1,1,0,0,0,1,0,1,1,1,1,0,0,0,0,1,1,0,1,1,0,1,0,1,1,1,1,1,1,1,0,1,0,1,1,1,1,0,1,1,1,1,1,1,1,1,1,1,1,0,1,1,0
PP496991.1,1,1,1,1,1,1,1,0,0,0,0,1,1,1,1,1,1,1,1,1,1,1,1,1,1,1,1,0,1,1,1,0,0,0,1,1,1,1,0,1,1,1,0,0,0,0,0,1,0,1,0,0,0,0,1,0,1,1,1,0,0,0,0,0,1,1,1,1,1,0,1,0,1,1,1,1,1,1,1,0,1,1,1,0,1,0,0,1,1,1,1,1,1,0,1,1,1,0,1,1,1,0
PP879145.1,1,1,1,1,1,1,1,0,0,1,0,1,1,1,0,1,1,1,1,1,1,1,1,1,1,1,0,0,1,0,1,0,0,0,1,1,1,1,1,1,1,1,0,0,1,0,0,1,0,1,1,0,0,0,1,1,1,1,1,1,0,0,0,0,0,1,0,1,1,0,1,0,1,1,1,1,1,1,1,0,1,0,0,1,1,1,0,1,0,1,1,1,1,1,1,1,1,1,0,1,1,0
PP879146.1,1,1,1,1,1,1,1,0,0,1,0,1,1,1,0,1,1,1,1,1,1,1,1,1,1,1,0,0,1,0,1,0,0,0,1,1,1,1,1,1,1,1,0,0,1,0,0,1,0,1,1,0,0,0,1,1,1,1,1,1,0,0,0,0,0,1,0,1,1,0,1,0,1,1,1,1,1,1,1,0,1,0,0,1,1,1,0,1,0,1,1,1,1,1,1,1,1,1,0,1,1,0
PP879147.1,1,1,1,1,1,1,1,0,0,1,0,1,1,1,0,1,1,1,1,1,1,1,1,1,1,1,0,0,1,0,1,0,0,0,1,1,1,1,1,1,1,1,0,0,1,0,0,1,0,1,1,0,0,0,1,1,1,1,1,1,0,0,0,0,0,1,0,1,1,0,1,0,1,1,1,1,1,1,1,0,1,0,0,1,1,1,0,1,0,1,1,1,1,1,1,1,1,1,0,1,1,0
PP879148.1,1,1,1,1,1,1,1,0,0,1,0,1,1,1,0,1,1,1,1,1,1,1,1,1,1,1,0,0,1,0,1,0,0,0,1,1,1,1,1,1,1,1,0,0,1,0,0,1,0,1,1,0,0,0,1,1,1,1,1,1,0,0,0,0,0,1,0,1,1,0,1,0,1,1,1,1,1,1,1,0,1,0,0,1,1,1,0,1,0,1,1,1,1,1,1,1,1,1,0,1,1,0
PP879149.1,1,1,1,1,1,1,1,0,0,1,0,1,1,1,0,1,1,1,1,1,1,1,1,1,1,1,0,0,1,0,1,0,0,0,1,1,1,1,1,1,1,1,0,0,1,0,0,1,0,1,1,0,0,0,1,1,1,1,1,1,0,0,0,0,0,1,0,1,1,0,1,0,1,1,1,1,1,1,1,0,1,0,0,1,1,1,0,1,0,1,1,1,1,1,1,1,1,1,0,1,1,0
PP879150.1,1,1,1,1,1,1,1,0,0,1,0,1,1,1,0,1,1,1,1,1,1,1,1,1,1,1,0,0,1,0,1,0,0,0,1,1,1,1,1,1,1,1,0,0,1,0,0,1,0,1,1,0,0,0,1,1,1,1,1,1,0,0,0,0,0,1,0,1,1,0,1,0,1,1,1,1,1,1,1,0,1,0,0,1,1,1,0,1,0,1,1,1,1,1,1,1,1,1,0,1,1,0
PP879151.1,1,1,1,1,1,1,1,0,0,1,0,1,1,1,0,1,1,1,1,1,1,1,1,1,1,1,0,0,1,0,1,0,0,0,1,1,1,1,1,1,1,1,0,0,1,0,0,1,0,1,1,0,0,0,1,1,1,1,1,1,0,0,0,0,0,1,0,1,1,0,1,0,1,1,1,1,1,1,1,0,1,0,0,1,1,1,0,1,0,1,1,1,1,1,1,1,1,1,0,1,1,0
PP879152.1,1,1,1,1,1,1,1,0,0,1,0,1,1,1,0,1,1,1,1,1,1,1,1,1,1,1,0,0,1,0,1,0,0,0,1,1,1,1,1,1,1,1,0,0,1,0,0,1,0,1,1,0,0,0,1,1,1,1,1,1,0,0,0,0,0,1,0,1,1,0,1,0,1,1,1,1,1,1,1,0,1,0,0,1,1,1,0,1,0,1,1,1,1,1,1,1,1,1,0,1,1,0
PP879153.1,1,1,1,1,1,1,1,0,0,1,0,1,1,1,0,1,1,1,1,1,1,1,1,1,1,1,0,0,1,0,1,0,0,0,1,1,1,1,1,1,1,1,0,0,1,0,0,1,0,1,1,0,0,0,1,1,1,1,1,1,0,0,0,0,0,1,0,1,1,0,1,0,1,1,1,1,1,1,1,0,1,0,0,1,1,1,0,1,0,1,1,1,1,1,1,1,1,1,0,1,1,0
PP879154.1,1,1,1,1,1,1,1,0,0,1,0,1,1,1,0,1,1,1,1,1,1,1,1,1,1,1,0,0,1,0,1,0,0,0,1,1,1,1,1,1,1,1,0,0,1,0,0,1,0,1,1,0,0,0,1,1,1,1,1,1,0,0,0,0,0,1,0,1,1,0,1,0,1,1,1,1,1,1,1,0,1,0,0,1,1,1,0,1,0,1,1,1,1,1,1,1,1,1,0,1,1,0
PP879155.1,1,1,1,1,1,1,1,0,0,1,0,1,1,1,0,1,1,1,1,1,1,1,1,1,1,1,0,0,1,0,1,0,0,0,1,1,1,1,1,1,1,1,0,0,1,0,0,1,0,1,1,0,0,0,1,1,1,1,1,1,0,0,0,0,0,1,0,1,1,0,1,0,1,1,1,1,1,1,1,0,1,0,0,1,1,1,0,1,0,1,1,1,1,1,1,1,1,1,0,1,1,0
PP879156.1,1,1,1,1,1,1,1,0,0,1,0,1,1,1,0,1,1,1,1,1,1,1,1,1,1,1,0,0,1,0,1,0,0,0,1,1,1,1,1,1,1,1,0,0,1,0,0,1,0,1,1,0,0,0,1,1,1,1,1,1,0,0,0,0,0,1,0,1,1,0,1,0,1,1,1,1,1,1,1,0,1,0,0,1,1,1,0,1,0,1,1,1,1,1,1,1,1,1,0,1,1,0
PP879157.1,1,1,1,1,1,1,1,0,0,1,0,1,1,1,0,1,1,1,1,1,1,1,1,1,1,1,0,0,1,0,1,0,0,0,1,1,1,1,1,1,1,1,0,0,1,0,0,1,0,1,1,0,0,0,1,1,1,1,1,1,0,0,0,0,0,1,0,1,1,0,1,0,1,1,1,1,1,1,1,0,1,0,0,1,1,1,0,1,0,1,1,1,1,1,1,1,1,1,0,1,1,0
PP879158.1,1,1,1,1,1,1,1,0,0,1,0,1,1,1,0,1,1,1,1,1,1,1,1,1,1,1,0,0,1,0,1,0,0,1,1,1,1,1,1,1,1,1,0,0,1,0,0,1,0,1,1,0,0,0,1,1,1,1,1,1,0,0,0,0,0,1,0,1,1,0,1,0,1,1,1,1,1,1,1,0,1,0,0,1,1,1,0,1,0,1,1,1,1,1,1,1,1,0,0,1,1,0
PP879159.1,1,1,1,1,1,1,1,0,0,1,0,1,1,1,0,1,1,1,1,1,1,1,1,1,1,1,0,0,1,0,1,0,0,0,1,1,1,1,1,1,1,1,0,0,1,0,0,1,0,1,1,0,0,0,1,1,1,1,1,1,0,0,0,0,0,1,0,1,1,0,1,0,1,1,1,1,1,1,1,0,1,0,0,1,1,1,0,1,0,1,1,1,1,1,1,1,1,1,0,1,1,0
PP879160.1,1,1,1,1,1,1,1,0,0,1,0,1,1,1,0,1,1,1,1,1,1,1,1,1,1,1,0,0,1,0,1,0,0,0,1,1,1,1,1,1,1,1,0,0,1,0,0,1,0,1,1,0,0,0,1,1,1,1,1,1,0,0,0,0,0,1,0,1,1,0,1,0,1,1,1,1,1,1,1,0,1,0,0,1,1,1,0,1,0,1,1,1,1,1,1,1,1,1,0,1,1,0
PP889332.1,1,1,1,1,1,1,1,0,0,1,0,1,1,1,0,1,1,1,1,1,1,1,1,1,1,1,0,0,1,0,1,0,0,0,1,1,1,1,1,1,1,1,0,0,1,0,0,1,0,1,1,0,0,0,1,1,1,1,1,1,0,0,0,0,0,1,0,1,1,0,1,0,1,1,1,1,1,1,1,0,1,0,0,1,1,1,0,1,0,1,1,1,1,1,1,1,1,1,0,1,1,0
PP889333.1,1,1,1,1,1,1,1,0,0,1,0,1,1,1,0,1,1,1,1,1,1,1,1,1,1,1,0,0,1,0,1,0,0,0,1,1,1,1,1,1,1,1,0,0,1,0,0,1,0,1,1,0,0,0,1,1,1,1,1,1,0,0,0,0,0,1,0,1,1,0,1,0,1,1,1,1,1,1,1,0,1,0,0,1,1,1,0,1,0,1,1,1,1,1,1,1,1,1,0,1,1,0
PV075212.1,1,1,1,1,1,1,1,0,0,1,0,1,1,1,0,1,1,1,1,1,1,1,1,1,1,1,0,0,1,0,1,0,0,0,1,1,1,1,1,1,1,1,0,0,1,0,0,1,0,1,1,0,0,0,1,1,1,1,1,1,0,0,0,0,0,1,0,1,1,0,1,0,1,1,1,1,1,1,1,0,1,0,0,1,1,1,0,1,0,1,1,1,1,1,1,1,1,1,0,1,1,0
PV346704.1,1,1,1,1,1,1,1,0,0,1,0,1,1,0,0,1,1,1,1,1,1,1,1,1,1,1,0,0,1,0,1,0,0,0,1,1,1,1,1,1,1,1,0,0,1,0,0,1,0,1,1,0,0,0,1,1,1,1,1,1,0,0,0,0,0,1,0,1,1,0,1,0,1,1,1,1,1,1,1,0,1,0,0,1,1,1,0,1,0,1,1,1,1,1,1,1,1,1,0,1,1,0
U38304.1,1,1,1,1,1,1,1,0,0,1,0,1,1,0,0,1,1,1,1,1,1,1,1,1,1,1,0,0,1,0,1,1,0,0,1,1,1,1,0,1,1,1,0,0,0,0,0,1,1,1,0,0,0,0,1,0,1,1,1,1,1,0,0,0,1,1,0,1,1,0,1,0,1,1,1,1,1,1,1,0,1,0,0,1,1,1,0,1,1,1,1,1,1,1,1,1,1,0,0,1,1,0
U38305.1,1,1,1,1,1,1,1,0,0,1,0,1,1,0,0,1,1,1,1,1,1,1,1,1,1,1,0,0,1,0,1,1,0,0,1,1,1,1,0,1,1,1,0,1,0,0,0,1,1,1,0,0,0,1,1,0,1,1,1,0,0,0,0,0,1,1,0,1,1,0,1,0,1,1,1,1,1,1,1,0,1,0,0,1,1,1,0,1,1,1,1,1,1,1,1,1,1,0,0,1,1,0
