Isolate,CLV_C14_Caspase3-7,CLV_NRD_NRD_1,CLV_PCSK_FUR_1,CLV_PCSK_KEX2_1,CLV_PCSK_PC1ET2_1,CLV_PCSK_PC7_1,CLV_PCSK_SKI1_1,CLV_Separin_Metazoa,DEG_APCC_DBOX_1,DEG_COP1_1,DEG_Cend_KLHDC2_1,DEG_ODPH_VHL_1,DEG_SCF_FBW7_1,DEG_SCF_FBW7_2,DEG_SPOP_SBC_1,DOC_CKS1_1,DOC_CYCLIN_RevRxL_6,DOC_CYCLIN_yCln2_LP_2,DOC_MAPK_DCC_7,DOC_MAPK_MEF2A_6,DOC_MAPK_RevD_3,DOC_MAPK_gen_1,DOC_PP1_RVXF_1,DOC_PP2A_B56_1,DOC_PP2B_PxIxIT_1,DOC_PP4_FxxP_1,DOC_USP7_MATH_1,DOC_USP7_MATH_2,DOC_USP7_UBL2_3,DOC_WW_Pin1_4,LIG_14-3-3_CanoR_1,LIG_AP2alpha_1,LIG_ActinCP_TwfCPI_2,LIG_Actin_WH2_2,LIG_Arc_Nlobe_1,LIG_BIR_III_2,LIG_BIR_III_4,LIG_BIR_II_1,LIG_BRCT_BRCA1_1,LIG_Clathr_ClatBox_1,LIG_EVH1_2,LIG_FHA_1,LIG_FHA_2,LIG_Integrin_RGD_1,LIG_LIR_Apic_2,LIG_LIR_Gen_1,LIG_LIR_Nem_3,LIG_LYPXL_SIV_4,LIG_MTR4_AIM_1,LIG_MYND_1,LIG_NRBOX,LIG_PCNA_yPIPBox_3,LIG_PTAP_UEV_1,LIG_Pex14_2,LIG_RB_LxCxE_1,LIG_SH2_CRK,LIG_SH2_NCK_1,LIG_SH2_PTP2,LIG_SH2_SFK_2,LIG_SH2_STAP1,LIG_SH2_STAT5,LIG_SH3_3,LIG_SH3_4,LIG_SH3_CIN85_PxpxPR_1,LIG_SUMO_SIM_anti_2,LIG_SUMO_SIM_par_1,LIG_TRAF2like_MATH_loPxQ_2,LIG_TRAF2like_MATH_shPxQ_1,LIG_TRAF4_MATH_1,LIG_TRAF6_MATH_1,LIG_TRFH_1,LIG_UBA3_1,LIG_WD40_WDR5_VDV_1,LIG_WD40_WDR5_VDV_2,LIG_WW_2,MOD_CDK_SPK_2,MOD_CDK_SPxK_1,MOD_CDK_SPxxK_3,MOD_CK1_1,MOD_CK2_1,MOD_Cter_Amidation,MOD_GSK3_1,MOD_GlcNHglycan,MOD_LATS_1,MOD_N-GLC_1,MOD_NEK2_2,MOD_PIKK_1,MOD_PKA_1,MOD_PKA_2,MOD_PKB_1,MOD_PK_1,MOD_Plk_1,MOD_Plk_2-3,MOD_Plk_4,MOD_ProDKin_1,MOD_SUMO_rev_2,TRG_Cilium_RVxP_2,TRG_DiLeu_BaEn_1,TRG_DiLeu_BaEn_3,TRG_DiLeu_BaEn_4,TRG_DiLeu_BaLyEn_6,TRG_DiLeu_LyEn_5,TRG_ENDOCYTIC_2,TRG_ER_diArg_1,TRG_NESrev_CRM1_2,TRG_Pf-PMV_PEXEL_1
AF004458_-_source_Venezuelan_equine_encephalitis_virus_extraction,1,1,0,1,0,0,1,1,1,0,0,0,0,1,1,1,1,1,1,0,1,1,0,0,1,1,1,0,1,1,1,0,0,1,1,0,0,1,1,0,0,1,1,1,1,1,1,0,1,1,1,0,0,1,0,1,1,1,1,1,1,1,0,1,1,1,1,0,0,1,1,0,0,1,0,1,1,0,1,1,1,1,1,0,1,1,1,0,1,1,0,1,1,1,1,1,1,0,1,1,1,0,1,1,0,1
AF004459_-_source_Venezuelan_equine_encephalitis_virus_extraction,1,1,0,1,0,0,1,1,1,0,0,0,0,1,1,1,1,1,1,0,1,1,0,0,1,1,1,0,1,1,1,0,0,1,1,0,0,1,1,0,0,1,1,1,1,1,1,0,1,1,1,0,0,1,0,1,1,1,1,1,1,1,0,1,1,1,1,0,0,1,1,0,0,1,1,1,1,0,1,1,1,1,1,0,1,1,1,0,1,1,0,1,1,1,1,1,1,0,1,1,1,0,1,1,0,1
AF004472_-_source_Venezuelan_equine_encephalitis_virus_extraction,1,1,0,1,0,0,1,1,1,0,0,0,0,1,1,1,1,1,1,0,1,1,0,0,1,1,1,0,1,1,1,0,0,1,1,0,0,1,1,0,0,1,1,1,1,1,1,0,1,1,1,0,0,1,0,1,1,1,1,1,1,1,0,1,1,1,1,0,0,1,1,0,0,1,0,1,1,0,1,1,1,1,1,0,1,1,1,0,1,1,0,1,1,1,1,1,1,0,1,1,1,0,1,1,0,1
AF069903_-_source_Venezuelan_equine_encephalitis_virus_extraction,1,1,0,1,0,0,1,1,1,0,0,0,1,0,1,1,1,1,1,0,1,1,0,0,1,1,1,0,1,1,1,0,0,1,1,0,0,1,1,0,0,1,1,1,1,1,1,0,1,1,1,0,0,1,0,1,1,1,1,1,1,1,0,1,1,1,1,0,0,1,1,0,0,1,0,1,1,0,1,1,1,1,1,0,1,1,1,0,1,1,0,1,1,1,1,1,1,0,1,1,1,1,1,1,0,1
AF075252_-_source_Venezuelan_equine_encephalitis_virus_extraction,1,1,1,1,0,0,1,1,1,0,0,0,0,0,1,1,1,0,0,0,1,1,1,1,1,1,1,0,1,1,1,0,0,1,1,1,0,1,0,0,0,1,1,1,1,1,1,0,0,0,1,0,0,0,0,1,1,1,1,1,1,1,0,1,1,0,1,1,0,1,1,0,0,1,0,1,1,0,1,1,1,1,1,0,1,1,0,0,1,1,0,1,1,1,1,1,1,0,1,0,1,0,1,1,0,1
AF075255_-_source_Venezuelan_equine_encephalitis_virus_-_nonstructural_protein_nsP3_peptide,1,1,1,1,0,1,1,1,0,0,0,0,0,0,1,0,1,0,0,0,1,1,0,1,0,1,1,0,1,1,1,0,0,1,1,0,0,1,0,0,0,1,1,1,1,1,1,1,1,0,1,0,0,1,0,1,1,1,1,1,1,1,0,1,1,1,0,0,0,1,1,1,0,1,0,0,1,1,1,1,1,1,1,0,1,1,1,1,1,1,0,1,0,1,1,1,1,0,1,0,1,0,1,1,1,0
AF100566_-_subtype:_ID_source_Venezuelan_equine_encephalitis_virus_extraction,1,1,0,1,0,0,1,1,1,0,0,0,0,1,1,1,1,1,1,0,1,1,0,0,1,1,1,0,1,1,1,0,0,1,1,0,0,1,1,0,0,1,1,1,1,1,1,0,1,1,1,0,0,1,0,1,1,1,1,1,1,1,0,1,1,1,1,0,0,1,1,0,0,1,0,1,1,0,1,1,1,1,1,0,1,1,1,0,1,1,0,1,1,1,1,1,1,0,1,1,1,0,1,1,0,1
AY741139_-_source_Venezuelan_equine_encephalitis_virus_extraction,1,1,0,1,0,0,1,1,1,0,0,0,1,0,1,1,1,1,1,0,1,1,0,0,1,1,1,0,1,1,1,0,0,1,1,0,0,1,1,0,0,1,1,1,1,1,1,0,1,1,1,0,0,1,0,1,1,1,1,1,1,1,0,1,1,1,1,0,0,1,1,0,0,1,0,1,1,0,1,1,1,1,1,0,1,1,1,0,1,1,0,1,1,1,1,1,1,0,1,1,1,1,1,1,0,1
AY823299_-_subtype:_IE_source_Venezuelan_equine_encephalitis_virus_extraction,1,1,1,1,1,0,1,1,0,0,0,0,0,0,1,1,1,0,0,0,1,1,1,1,1,1,1,0,1,1,1,0,0,1,1,1,0,1,0,0,0,1,1,1,1,1,1,0,0,0,1,0,0,0,0,1,1,1,1,1,1,1,0,1,1,0,1,0,0,1,1,0,1,1,0,1,1,0,1,1,1,1,1,0,1,1,0,0,1,1,0,1,1,1,1,1,1,0,1,0,1,0,1,1,0,1
EEVCOMGEN_-_source_Venezuelan_equine_encephalitis_virus_extraction,1,1,0,1,0,0,1,1,1,0,0,0,0,1,1,1,1,0,1,0,1,1,0,0,1,1,1,1,1,1,1,0,0,1,1,0,0,1,1,1,0,1,1,1,1,1,1,0,1,0,1,0,0,1,0,1,1,1,1,1,1,1,0,1,1,1,1,0,0,1,1,0,0,1,0,1,1,0,1,1,1,1,1,1,1,1,1,0,1,0,0,1,1,1,1,1,1,1,1,1,1,0,1,1,0,1
EEVNSPECFA_-_source_Venezuelan_equine_encephalitis_virus_extraction,1,1,0,1,0,0,1,1,1,0,0,1,0,1,1,1,1,1,1,0,1,1,0,1,1,1,1,0,1,1,1,0,0,1,1,0,0,1,1,0,0,1,1,1,1,1,1,0,1,1,1,0,0,1,0,1,1,1,1,1,1,1,0,1,1,1,1,0,0,1,1,0,0,1,0,1,1,0,1,1,1,1,1,0,1,1,1,0,1,1,0,1,1,1,1,1,1,1,1,1,1,0,1,1,0,1
EEVNSPEPA_-_source_Venezuelan_equine_encephalitis_virus_extraction,1,1,0,1,0,0,1,1,1,0,0,0,1,0,1,1,1,1,1,0,1,1,0,0,1,1,1,0,1,1,1,0,0,1,1,0,0,1,1,0,0,1,1,1,1,1,1,0,1,1,1,0,0,1,0,1,1,1,1,1,1,1,0,1,1,1,1,0,0,1,1,0,0,1,0,1,1,0,1,1,1,1,1,0,1,1,1,0,1,1,0,1,1,1,1,1,1,0,1,1,1,1,1,1,0,1
EEVNSPEPB_-_source_Venezuelan_equine_encephalitis_virus_extraction,1,1,0,1,0,0,1,1,1,0,0,0,1,0,1,1,1,1,1,0,1,1,0,0,1,1,1,0,1,1,1,0,0,1,1,0,0,1,1,0,0,1,1,1,1,1,1,0,1,1,1,0,0,1,0,1,1,1,1,1,1,1,0,1,1,1,1,0,0,1,1,0,0,1,0,1,1,0,1,1,1,1,1,0,1,1,1,0,1,1,0,1,1,1,1,1,1,0,1,1,1,1,1,1,0,1
KC344429_-_source_Venezuelan_equine_encephalitis_virus_extraction,1,1,0,1,0,0,1,1,1,0,0,0,0,1,1,1,1,1,1,0,1,1,0,0,1,1,1,1,1,1,1,0,0,1,1,0,0,1,1,0,0,1,1,1,1,1,1,0,1,1,1,0,0,1,0,1,1,1,1,1,1,1,0,1,1,1,1,0,0,1,1,0,0,1,0,1,1,0,1,1,1,1,1,0,1,1,1,0,1,1,0,1,1,1,1,1,1,0,1,1,1,0,1,1,0,1
KC344430_-_subtype:_IAB_source_Venezuelan_equine_encephalitis_virus_extraction,1,1,0,1,0,0,1,1,1,0,0,0,1,0,1,1,1,1,1,0,1,1,0,0,1,1,1,1,1,1,1,0,0,1,1,0,0,1,1,0,0,1,1,1,1,1,1,0,1,1,1,0,0,1,0,1,1,1,1,1,1,1,0,1,1,1,1,0,0,1,1,0,0,1,0,1,1,0,1,1,1,1,1,0,1,1,1,0,1,1,0,1,1,1,1,1,1,0,1,1,1,0,1,1,0,1
KC344431_-_subtype:_IE_source_Venezuelan_equine_encephalitis_virus_extraction,1,1,1,1,0,0,1,1,1,0,0,0,0,0,1,1,1,1,0,0,1,1,1,1,1,1,1,0,1,1,1,0,0,1,1,0,0,1,0,0,0,1,1,1,1,1,1,0,0,0,1,0,0,0,0,1,1,1,1,1,1,1,0,1,1,0,1,0,0,1,1,0,1,1,0,1,1,0,1,1,1,1,1,0,1,1,0,0,1,1,0,1,1,1,1,1,1,0,1,0,1,0,1,1,0,1
KC344432_-_subtype:_IE_source_Venezuelan_equine_encephalitis_virus_extraction,1,1,1,1,0,0,1,1,1,0,0,0,0,0,1,1,1,0,0,0,1,1,1,1,1,1,1,0,1,1,1,0,0,1,1,1,0,1,0,0,0,1,1,1,1,1,1,0,0,0,1,0,0,0,0,1,1,1,1,1,1,1,0,1,1,0,1,1,0,1,1,0,0,1,0,1,1,0,1,1,1,1,1,0,1,1,0,0,1,1,0,1,1,1,1,1,1,0,1,0,1,0,1,1,0,1
KC344433_-_subtype:_IE_source_Venezuelan_equine_encephalitis_virus_extraction,1,1,1,1,0,0,1,1,1,0,0,0,0,0,1,1,1,1,0,0,1,1,1,1,1,1,1,0,1,1,1,0,0,1,1,0,0,1,0,0,0,1,1,1,1,1,1,0,0,0,1,0,0,0,0,1,1,1,1,1,1,1,0,1,1,0,1,0,0,1,1,0,1,1,0,1,1,0,1,1,1,1,1,0,1,1,0,0,1,1,0,1,1,1,1,1,1,0,1,0,1,0,1,1,0,1
KC344434_-_subtype:_IE_source_Venezuelan_equine_encephalitis_virus_extraction,1,1,1,1,1,0,1,1,1,0,0,0,0,0,1,1,1,1,0,0,1,1,1,1,1,1,1,0,1,1,1,0,0,1,1,0,0,1,0,0,0,1,1,1,1,1,1,0,0,0,1,0,0,0,0,1,1,1,1,1,1,1,0,1,1,0,1,0,0,1,1,0,1,1,0,1,1,0,1,1,1,1,1,0,1,1,0,0,1,1,0,1,1,1,1,1,1,0,1,0,1,0,1,1,0,1
KC344435_-_subtype:_IE_source_Venezuelan_equine_encephalitis_virus_extraction,1,1,1,1,1,0,1,1,1,0,0,0,0,0,1,1,1,1,0,0,1,1,1,1,1,1,1,0,1,1,1,0,0,1,1,0,0,1,0,0,0,1,1,1,1,1,1,0,0,0,1,0,0,0,0,1,1,1,1,1,1,1,0,1,1,0,1,0,0,1,1,0,1,1,0,1,1,0,1,1,1,1,1,0,1,1,0,0,1,1,0,1,1,1,1,1,1,0,1,0,1,0,1,1,0,1
KC344436_-_subtype:_IE_source_Venezuelan_equine_encephalitis_virus_extraction,1,1,1,1,1,0,1,1,1,0,0,0,0,0,1,1,1,1,0,0,1,1,1,1,1,1,1,0,1,1,1,0,0,1,1,0,1,1,0,0,0,1,1,1,1,1,1,0,0,0,1,0,0,0,0,1,1,1,1,1,1,1,0,1,1,0,1,0,0,1,1,0,1,1,0,1,1,0,1,1,1,1,1,0,1,1,0,0,1,1,0,1,1,1,1,1,1,0,1,0,1,0,1,1,0,1
KC344437_-_subtype:_IE_source_Venezuelan_equine_encephalitis_virus_extraction,1,1,1,1,1,0,1,1,1,0,0,0,0,0,1,1,1,1,0,0,1,1,1,1,1,1,1,0,1,1,1,0,0,1,1,0,0,1,0,0,0,1,1,1,1,1,1,0,0,0,1,0,0,0,0,1,1,1,1,1,1,1,0,1,1,0,1,0,0,1,1,0,1,1,0,1,1,0,1,1,1,1,1,0,1,1,1,0,1,1,0,1,1,1,1,1,1,0,1,0,1,0,1,1,0,1
KC344438_-_subtype:_IE_source_Venezuelan_equine_encephalitis_virus_extraction,1,1,1,1,1,0,1,1,1,0,0,0,0,0,1,1,1,1,0,0,1,1,1,1,1,1,1,0,1,1,1,0,0,1,1,0,0,1,0,0,0,1,1,1,1,1,1,0,0,0,1,0,0,0,0,1,1,1,1,1,1,1,0,1,1,0,1,0,0,1,1,0,1,1,0,1,1,0,1,1,1,1,1,0,1,1,1,0,1,1,0,1,1,1,1,1,1,0,1,0,1,0,1,1,0,1
KC344439_-_subtype:_IE_source_Venezuelan_equine_encephalitis_virus_extraction,1,1,1,1,1,0,1,1,1,0,0,0,0,0,0,1,1,1,0,1,1,1,1,1,1,1,1,0,1,1,1,1,0,1,1,0,0,1,1,0,0,1,1,1,1,1,1,0,0,0,1,0,1,1,1,1,1,1,1,1,1,1,0,1,1,1,1,0,1,1,1,0,0,1,0,1,1,0,1,1,1,1,1,0,1,1,0,1,1,0,1,1,1,1,1,1,1,0,1,0,1,0,1,1,0,1
KC344440_-_subtype:_IE_source_Venezuelan_equine_encephalitis_virus_-_NSP_peptide,1,1,1,1,0,0,1,1,1,0,1,0,0,0,1,1,1,1,0,0,1,1,1,1,1,1,1,0,1,1,1,0,0,1,1,0,0,1,0,0,0,1,1,1,1,1,1,0,0,0,1,0,0,0,0,1,1,1,1,1,1,1,0,1,1,0,1,0,0,1,1,0,1,1,0,1,1,0,1,1,1,1,1,0,0,1,0,0,1,0,0,1,1,1,1,1,1,0,1,0,1,0,1,1,0,1
KC344441_-_subtype:_IE_source_Venezuelan_equine_encephalitis_virus_extraction,1,1,1,1,0,0,1,1,1,0,0,0,0,0,1,1,1,1,0,0,1,1,1,1,1,1,1,0,1,1,1,0,0,1,1,0,0,1,0,0,0,1,1,1,1,1,1,0,0,0,1,0,0,0,0,1,1,1,1,1,1,1,0,1,1,0,1,0,0,1,1,0,1,1,0,1,1,0,1,1,1,1,1,0,1,1,0,0,1,1,0,1,1,1,1,1,1,0,1,0,1,0,1,1,0,1
KC344442_-_subtype:_IE_source_Venezuelan_equine_encephalitis_virus_extraction,1,1,1,1,0,0,1,1,1,0,0,0,0,0,1,1,1,1,0,0,1,1,1,1,1,1,1,0,1,1,1,0,0,1,1,0,0,1,0,0,0,1,1,1,1,1,1,0,0,0,1,0,0,0,0,1,1,1,1,1,1,1,0,1,1,0,1,0,0,1,1,0,1,1,0,1,1,0,1,1,1,1,1,0,1,1,0,0,1,1,0,1,1,1,1,1,1,0,1,0,1,0,1,1,0,1
KC344443_-_subtype:_IE_source_Venezuelan_equine_encephalitis_virus_extraction,1,1,1,1,0,0,1,1,1,0,0,0,0,0,1,1,1,1,0,0,1,1,1,1,1,1,1,0,1,1,1,0,0,1,1,0,0,1,0,0,0,1,1,1,1,1,1,0,0,0,1,0,0,0,0,1,1,1,1,1,1,1,0,1,1,0,1,0,0,1,1,0,1,1,0,1,1,0,1,1,1,1,1,0,1,1,0,0,1,1,0,1,1,1,1,1,1,0,1,0,1,0,1,1,0,1
KC344444_-_subtype:_IE_source_Venezuelan_equine_encephalitis_virus_extraction,1,1,1,1,0,0,1,1,1,0,0,0,0,0,1,1,1,1,0,0,1,1,1,1,1,1,1,0,1,1,1,0,0,1,1,0,0,1,0,0,0,1,1,1,1,1,1,0,0,0,1,0,0,0,0,1,1,1,1,1,1,1,0,1,1,0,1,0,0,1,1,0,1,1,0,1,1,0,1,1,1,1,1,0,1,1,0,0,1,1,0,1,1,1,1,1,1,0,1,0,1,0,1,1,0,1
KC344445_-_subtype:_IE_source_Venezuelan_equine_encephalitis_virus_extraction,1,1,1,1,0,0,1,1,1,0,0,0,0,0,1,1,1,1,0,0,1,1,1,1,1,1,1,0,1,1,1,0,0,1,1,0,0,1,0,0,0,1,1,1,1,1,1,0,0,0,1,0,0,0,0,1,1,1,1,1,1,1,0,1,1,0,1,0,0,1,1,0,1,1,0,1,1,0,1,1,1,1,1,0,1,1,0,0,1,1,0,1,1,1,1,1,1,0,1,0,1,0,1,1,0,1
KC344446_-_subtype:_IE_source_Venezuelan_equine_encephalitis_virus_extraction,1,1,1,1,0,0,1,1,1,0,0,0,0,0,1,1,1,1,0,0,1,1,1,1,1,1,1,0,1,1,1,0,0,1,1,0,0,1,0,0,0,1,1,1,1,1,1,0,0,0,1,0,0,0,0,1,1,1,1,1,1,1,0,1,1,0,1,0,0,1,1,0,1,1,0,1,1,0,1,1,1,1,1,0,1,1,0,0,1,1,0,1,1,1,1,1,1,0,1,0,1,0,1,1,0,1
KC344447_-_subtype:_IE_source_Venezuelan_equine_encephalitis_virus_extraction,1,1,1,1,0,0,1,1,1,0,0,0,0,0,1,1,1,1,0,0,1,1,1,1,1,1,1,0,1,1,1,0,0,1,1,0,0,1,0,0,0,1,1,1,1,1,1,0,0,0,1,0,0,0,0,1,1,1,1,1,1,1,0,1,1,0,1,0,0,1,1,0,1,1,0,1,1,0,1,1,1,1,1,0,1,1,0,0,1,1,0,1,1,1,1,1,1,0,1,0,1,0,1,1,0,1
KC344448_-_subtype:_IE_source_Venezuelan_equine_encephalitis_virus_extraction,1,1,1,1,0,0,1,1,1,0,0,0,0,0,1,1,1,1,0,0,1,1,1,1,1,1,1,0,1,1,1,0,0,1,1,0,0,1,0,0,0,1,1,1,1,1,1,0,0,0,1,0,0,0,0,1,1,1,1,1,1,1,0,1,1,1,1,0,0,1,1,0,0,1,0,1,1,0,1,1,1,1,1,0,1,1,0,0,1,1,0,1,1,1,1,1,1,0,1,0,1,0,1,1,0,1
KC344449_-_subtype:_IE_source_Venezuelan_equine_encephalitis_virus_extraction,1,1,1,1,0,0,1,1,1,0,0,0,0,0,1,1,1,1,0,0,1,1,1,1,1,1,1,0,1,1,1,0,0,1,1,1,0,1,0,0,0,1,1,1,1,1,1,0,0,0,1,0,0,0,0,1,1,1,1,1,1,1,0,1,1,0,1,0,0,1,1,0,1,1,0,1,1,0,1,1,1,1,1,0,1,1,0,0,1,1,0,1,1,1,1,1,1,0,1,0,1,0,1,1,0,1
KC344450_-_subtype:_IE_source_Venezuelan_equine_encephalitis_virus_extraction,1,1,1,1,0,0,1,1,1,0,0,0,0,0,1,1,1,1,0,0,1,1,1,1,1,1,1,0,1,1,1,0,0,1,1,1,0,1,0,0,0,1,1,1,1,1,1,0,0,0,1,0,0,0,0,1,1,1,1,1,1,1,0,1,1,0,1,0,0,1,1,0,0,1,0,1,1,0,1,1,1,1,1,0,1,1,0,0,1,1,0,1,1,1,1,1,1,0,1,0,1,0,1,1,0,1
KC344451_-_subtype:_IE_source_Venezuelan_equine_encephalitis_virus_extraction,1,1,1,1,0,0,1,1,1,0,0,0,0,0,1,1,1,1,0,0,1,1,1,1,1,1,1,0,1,1,1,0,0,1,1,1,0,1,0,0,0,1,1,1,1,1,1,0,0,0,1,0,0,0,0,1,1,1,1,1,1,1,0,1,1,0,1,0,0,1,1,0,0,1,0,1,1,0,1,1,1,1,1,0,1,1,0,0,1,1,0,1,1,1,1,1,1,0,1,0,1,0,1,1,0,1
KC344452_-_subtype:_IE_source_Venezuelan_equine_encephalitis_virus_extraction,1,1,1,1,0,0,1,1,1,0,0,0,0,0,1,1,1,1,0,0,1,1,1,1,1,1,1,0,1,1,1,0,0,1,1,1,0,1,0,0,0,1,1,1,1,1,1,0,0,0,1,0,0,0,0,1,1,1,1,1,1,1,0,1,1,0,1,0,0,1,1,0,0,1,0,1,1,0,1,1,1,1,1,0,1,1,0,0,1,1,0,1,1,1,1,1,1,0,1,0,1,0,1,1,0,1
KC344453_-_subtype:_IE_source_Venezuelan_equine_encephalitis_virus_extraction,1,1,1,1,0,0,1,1,1,0,0,0,0,0,1,1,1,1,0,0,1,1,1,1,1,1,1,0,1,1,1,0,0,1,1,1,0,1,0,0,0,1,1,1,1,1,1,0,0,0,1,0,0,0,0,1,1,1,1,1,1,1,0,1,1,0,1,0,0,1,1,0,0,1,0,1,1,0,1,1,1,1,1,0,1,1,0,0,1,1,0,1,1,1,1,1,1,0,1,0,1,0,1,1,0,1
KC344454_-_subtype:_IE_source_Venezuelan_equine_encephalitis_virus_extraction,1,1,1,1,1,0,1,1,1,0,0,0,0,0,1,1,1,1,0,0,1,1,1,1,1,1,1,0,1,1,1,0,0,1,1,0,0,1,0,0,0,1,1,1,1,1,1,0,0,0,1,0,0,0,0,1,1,1,1,1,1,1,0,1,1,0,1,0,0,1,1,0,1,1,0,1,1,0,1,1,1,1,1,0,1,1,0,0,1,1,0,1,1,1,1,1,1,0,1,0,1,0,1,1,0,1
KC344455_-_subtype:_IE_source_Venezuelan_equine_encephalitis_virus_extraction,1,1,1,1,0,0,1,1,1,0,0,0,0,0,1,1,1,1,0,0,1,1,1,1,1,1,1,0,1,1,1,0,0,1,1,0,0,1,0,0,0,1,1,1,1,1,1,0,0,0,1,0,0,0,0,1,1,1,1,1,1,1,0,1,1,0,1,0,0,1,1,0,1,1,0,1,1,0,1,1,1,1,1,0,1,1,0,0,1,1,0,1,1,1,1,1,1,0,1,0,1,0,1,1,0,1
KC344456_-_subtype:_IE_source_Venezuelan_equine_encephalitis_virus_extraction,1,1,1,1,0,0,1,1,1,0,0,0,0,0,1,1,1,1,1,1,1,1,1,1,1,1,1,0,1,1,1,0,0,1,1,0,0,1,0,0,0,1,1,1,1,1,1,0,0,0,1,0,0,0,0,1,1,1,1,1,1,1,0,1,1,1,1,0,0,1,1,0,1,1,0,1,1,0,1,1,1,1,1,0,1,1,0,0,1,1,0,1,1,1,1,1,1,0,1,0,1,0,1,1,0,1
KC344457_-_source_Venezuelan_equine_encephalitis_virus_extraction,1,1,1,1,0,0,1,1,1,0,0,0,0,0,1,1,1,1,0,0,1,1,1,1,1,1,1,0,1,1,1,0,0,1,1,0,0,1,0,0,0,1,1,1,1,1,1,0,0,0,1,0,0,0,0,1,1,1,1,1,1,1,0,1,1,0,1,0,0,1,1,0,1,1,0,1,1,0,1,1,1,1,1,0,1,1,0,0,1,1,0,1,1,1,1,1,1,0,1,0,1,0,1,1,0,1
KC344458_-_subtype:_IE_source_Venezuelan_equine_encephalitis_virus_-_NSP_peptide,1,1,1,1,0,0,1,1,1,0,1,0,0,0,1,1,1,0,0,0,1,1,1,1,1,1,1,0,1,1,1,0,0,1,1,0,0,1,0,0,0,1,1,1,1,1,1,0,0,0,1,0,0,0,0,1,1,1,1,1,1,1,0,1,1,0,1,0,0,1,1,0,1,1,0,1,1,0,1,1,1,1,1,0,1,1,0,0,1,1,0,1,1,1,1,1,1,0,1,0,1,0,1,1,0,1
KC344459_-_subtype:_ID_source_Venezuelan_equine_encephalitis_virus_extraction,1,1,0,1,0,0,1,1,1,0,0,0,0,1,1,1,1,1,1,0,1,1,0,0,1,1,1,1,1,1,1,0,0,1,1,0,0,1,1,0,0,1,1,1,1,1,1,0,1,1,1,0,0,1,0,1,1,1,1,1,1,1,0,1,1,1,1,0,0,1,1,0,0,1,0,1,1,0,1,1,1,1,1,0,1,1,1,0,1,1,0,1,1,1,1,1,1,0,1,1,1,0,1,1,0,1
KC344460_-_subtype:_ID_source_Venezuelan_equine_encephalitis_virus_extraction,1,1,0,1,0,0,1,1,1,0,0,0,0,1,1,1,1,1,1,0,1,1,0,0,1,1,1,1,1,1,1,0,0,1,1,0,0,1,1,0,0,1,1,1,1,1,1,0,1,1,1,0,0,1,0,1,1,1,1,1,1,1,0,1,1,1,1,0,0,1,1,0,0,1,0,1,1,0,1,1,1,1,1,0,1,1,1,0,1,1,0,1,1,1,1,1,1,0,1,1,1,0,1,1,0,1
KC344462_-_subtype:_ID_source_Venezuelan_equine_encephalitis_virus_extraction,1,1,0,1,0,0,1,1,1,0,0,0,0,1,1,1,1,1,1,0,1,1,0,0,1,1,1,1,1,1,1,0,0,1,1,0,0,1,1,0,0,1,1,1,1,1,1,0,1,1,1,0,0,1,0,1,1,1,1,1,1,1,0,1,1,1,1,0,0,1,1,0,0,1,0,1,1,0,1,1,1,1,1,0,1,1,1,0,1,1,0,1,1,1,1,1,1,0,1,1,1,0,1,1,0,1
KC344463_-_subtype:_IE_source_Venezuelan_equine_encephalitis_virus_extraction,1,1,1,1,0,0,1,1,1,0,0,0,0,0,1,1,1,1,0,0,1,1,1,1,1,1,1,0,1,1,1,0,0,1,1,1,0,1,0,0,0,1,1,1,1,1,1,0,1,0,1,0,0,0,0,1,1,1,1,1,1,1,0,1,1,0,1,0,0,1,1,0,1,1,0,1,1,0,1,1,1,1,1,0,1,1,0,0,1,1,0,1,1,1,1,1,1,0,1,0,1,0,1,1,0,1
KC344464_-_subtype:_IE_source_Venezuelan_equine_encephalitis_virus_extraction,1,1,1,1,1,0,1,1,0,0,0,0,0,0,1,1,1,0,0,0,1,1,1,1,1,1,1,0,1,1,1,0,0,1,1,0,0,1,0,0,0,1,1,1,1,1,1,0,0,0,1,0,0,0,0,1,1,1,1,1,1,1,0,1,1,0,1,0,0,1,1,0,1,1,0,1,1,0,1,1,1,1,1,0,1,1,0,0,1,1,0,1,1,1,1,1,1,0,1,0,1,0,1,1,0,1
KC344465_-_subtype:_IE_source_Venezuelan_equine_encephalitis_virus_extraction,1,1,1,1,1,0,1,1,0,0,0,0,0,0,1,1,1,0,0,0,1,1,1,1,1,1,1,0,1,1,1,0,0,1,1,0,0,1,0,0,0,1,1,1,1,1,1,0,0,0,1,0,0,0,0,1,1,1,1,1,1,1,0,1,1,0,1,0,0,1,1,0,1,1,0,1,1,0,1,1,1,1,1,0,1,1,0,0,1,1,1,1,1,1,1,1,1,0,1,0,1,0,1,1,0,1
KC344466_-_subtype:_IE_source_Venezuelan_equine_encephalitis_virus_extraction,1,1,1,1,1,0,1,1,0,0,0,0,0,0,1,1,1,0,0,0,1,1,1,1,1,1,1,0,1,1,1,0,0,1,1,0,0,1,0,0,0,1,1,1,1,1,1,0,0,0,1,0,0,0,0,1,1,1,1,1,1,1,0,1,1,0,1,0,0,1,1,0,1,1,0,0,1,0,1,1,1,1,1,0,1,1,0,0,1,1,0,1,1,1,1,1,1,0,1,0,1,0,1,1,0,1
KC344467_-_subtype:_IE_source_Venezuelan_equine_encephalitis_virus_extraction,1,1,1,1,1,0,1,1,1,0,0,0,0,0,1,1,1,1,0,0,1,1,1,1,1,1,1,0,1,1,1,0,0,1,1,0,0,1,0,0,0,1,1,1,1,1,1,0,0,0,1,0,0,0,0,1,1,1,1,1,1,1,0,1,1,0,1,0,0,1,1,0,1,1,0,1,1,0,1,1,1,1,1,0,1,1,0,0,1,1,0,1,1,1,1,1,1,0,1,0,1,0,1,1,0,1
KC344468_-_source_Venezuelan_equine_encephalitis_virus_extraction,1,1,1,1,1,0,1,1,1,0,0,0,0,0,1,1,1,1,0,0,1,1,1,1,1,1,1,0,1,1,1,0,0,1,1,1,0,1,0,0,0,1,1,1,1,1,1,0,0,0,1,0,0,0,0,1,1,1,1,1,1,1,0,1,1,0,1,0,0,1,1,0,1,1,0,1,1,0,1,1,1,1,1,0,1,1,0,0,1,1,0,1,1,1,1,1,1,0,1,0,1,0,1,1,0,1
KC344469_-_source_Venezuelan_equine_encephalitis_virus_extraction,1,1,1,1,0,0,1,1,1,0,0,0,0,0,1,1,1,1,0,0,1,1,1,1,1,1,1,0,1,1,1,0,0,1,1,1,0,1,0,0,0,1,1,1,1,1,1,0,0,0,1,0,0,0,0,1,1,1,1,1,1,1,0,1,1,0,1,0,0,1,1,0,0,1,0,1,1,0,1,1,1,1,1,0,1,1,0,0,1,1,0,1,1,1,1,1,1,0,1,0,1,0,1,1,0,1
KC344470_-_source_Venezuelan_equine_encephalitis_virus_extraction,1,1,1,1,0,0,1,1,1,0,0,0,0,0,1,1,1,1,0,0,1,1,1,1,1,1,1,0,1,1,1,0,0,1,1,1,0,1,0,0,0,1,1,1,1,1,1,0,0,0,1,0,0,0,0,1,1,1,1,1,1,1,0,1,1,0,1,0,0,1,1,0,0,1,0,1,1,0,1,1,1,1,1,0,1,1,0,0,1,1,0,1,1,1,1,1,1,0,1,0,1,0,1,1,0,1
KC344471_-_subtype:_ID_source_Venezuelan_equine_encephalitis_virus_extraction,1,1,0,1,0,0,1,1,1,0,0,1,0,1,1,1,1,1,1,0,1,1,0,1,1,1,1,1,1,1,1,0,0,1,1,0,0,1,1,1,0,1,1,1,1,1,1,0,1,1,1,0,0,1,0,1,1,1,1,1,1,1,0,1,1,1,1,0,0,1,1,0,0,1,0,1,1,0,1,1,1,1,1,0,1,1,1,0,1,1,0,1,1,1,1,1,1,1,1,1,1,0,1,1,0,1
KC344472_-_subtype:_ID_source_Venezuelan_equine_encephalitis_virus_extraction,1,1,0,1,0,0,1,1,1,0,0,0,0,0,1,1,1,1,1,0,1,1,0,0,1,1,1,1,1,1,1,0,0,1,1,0,0,1,1,0,0,1,1,1,1,1,1,0,1,1,1,0,0,1,0,1,1,1,1,1,1,1,0,1,1,1,1,0,0,1,1,0,0,1,0,1,1,0,1,1,1,1,1,0,1,1,1,0,1,1,0,1,1,1,1,1,1,0,1,1,1,0,1,1,0,1
KC344473_-_subtype:_ID_source_Venezuelan_equine_encephalitis_virus_extraction,1,1,0,1,0,0,1,1,1,0,0,0,0,0,1,1,1,1,1,0,1,1,0,0,1,1,1,1,1,1,1,0,0,1,1,0,0,1,1,0,0,1,1,1,1,1,1,0,1,1,1,0,0,1,0,1,1,1,1,1,1,1,0,1,1,1,1,0,0,1,1,0,0,1,0,1,1,0,1,1,1,1,1,0,1,1,1,0,1,1,1,1,1,1,1,1,1,0,1,1,1,0,1,1,0,1
KC344474_-_subtype:_ID_source_Venezuelan_equine_encephalitis_virus_extraction,1,1,0,1,0,0,1,1,1,0,0,0,0,0,1,1,1,1,1,0,1,1,0,0,1,1,1,1,1,1,1,0,0,1,1,0,0,1,1,0,0,1,1,1,1,1,1,0,1,1,1,0,0,1,0,1,1,1,1,1,1,1,0,1,1,1,1,0,0,1,1,0,0,1,0,1,1,0,1,1,1,1,1,0,1,1,1,0,1,1,0,1,1,1,1,1,1,0,1,1,1,0,1,1,0,1
KC344475_-_subtype:_ID_source_Venezuelan_equine_encephalitis_virus_extraction,1,1,0,1,0,0,1,1,1,0,0,0,0,0,1,0,1,1,1,0,1,1,0,0,1,1,1,1,1,1,1,0,0,1,1,0,0,1,1,0,0,1,1,1,1,1,1,0,1,1,1,0,0,1,0,1,1,1,1,1,1,1,0,1,1,1,1,0,0,1,1,0,0,1,0,1,1,0,1,1,1,1,1,0,1,1,1,0,1,1,0,1,1,1,1,1,1,0,1,1,1,0,1,1,0,1
KC344476_-_subtype:_ID_source_Venezuelan_equine_encephalitis_virus_-_NSP_peptide,1,1,0,1,0,0,1,1,0,0,1,0,0,1,1,1,1,1,1,0,1,1,1,0,1,1,1,0,1,1,1,0,0,1,1,0,0,1,1,0,1,1,1,1,1,1,1,0,0,1,1,0,0,1,0,1,1,1,1,1,1,1,0,1,1,1,1,0,0,1,1,0,0,1,0,1,1,0,1,1,1,1,1,0,0,1,1,0,1,1,1,1,1,1,1,1,1,0,1,0,1,0,1,1,0,1
KC344477_-_subtype:_ID_source_Venezuelan_equine_encephalitis_virus_extraction,1,1,0,1,0,0,1,1,1,0,0,0,0,1,1,1,1,1,1,0,1,1,0,0,1,1,1,0,1,1,1,0,0,1,1,0,0,1,1,1,0,1,1,1,1,1,1,0,1,1,1,0,0,1,0,1,1,1,1,1,1,1,0,1,1,1,1,0,0,1,1,0,0,1,0,1,1,0,1,1,1,1,1,0,1,1,1,0,1,1,0,1,1,1,1,1,1,1,1,1,1,0,1,1,0,1
KC344478_-_subtype:_IE_source_Venezuelan_equine_encephalitis_virus_extraction,1,1,1,1,0,0,1,1,1,0,0,0,0,0,1,1,1,1,0,0,1,1,1,1,1,1,1,0,1,1,1,0,0,1,1,1,0,1,0,0,0,1,1,1,1,1,1,0,0,0,1,0,0,0,0,1,1,1,1,1,1,1,0,1,1,0,1,0,0,1,1,0,0,1,0,1,1,0,1,1,1,1,1,0,1,1,0,0,1,1,0,1,1,1,1,1,1,0,1,0,1,0,1,1,0,1
KC344479_-_subtype:_IE_source_Venezuelan_equine_encephalitis_virus_extraction,1,1,1,1,0,0,1,1,1,0,0,0,0,0,1,1,1,1,0,0,1,1,1,1,1,1,1,0,1,1,1,0,0,1,1,1,0,1,0,0,0,1,1,1,1,1,1,0,0,0,1,0,0,0,0,1,1,1,1,1,1,1,0,1,1,0,1,0,0,1,1,0,0,1,0,1,1,0,1,1,1,1,1,0,1,1,0,0,1,1,0,1,1,1,1,1,1,0,1,0,1,0,1,1,0,1
KC344480_-_subtype:_IE_source_Venezuelan_equine_encephalitis_virus_extraction,1,1,1,1,0,0,1,1,1,0,0,0,0,0,1,1,1,1,0,0,1,1,1,1,1,1,1,0,1,1,1,0,0,1,1,1,0,1,0,0,0,1,1,1,1,1,1,0,0,0,1,0,0,0,0,1,1,1,1,1,1,1,0,1,1,0,1,0,0,1,1,0,0,1,0,1,1,0,1,1,1,1,1,0,1,1,0,0,1,1,0,1,1,1,1,1,1,0,1,0,1,0,1,1,0,1
KC344481_-_subtype:_IE_source_Venezuelan_equine_encephalitis_virus_extraction,1,1,1,1,1,0,1,1,1,0,0,0,0,0,1,1,1,1,0,0,1,1,1,1,1,1,1,0,1,1,1,0,0,1,1,1,0,1,0,0,0,1,1,1,1,1,1,0,0,0,1,0,0,0,0,1,1,1,1,1,1,1,0,1,1,0,1,0,0,1,1,0,1,1,0,1,1,0,1,1,1,1,1,0,1,1,0,0,1,1,0,1,1,1,1,1,1,0,1,0,1,0,1,1,0,1
KC344482_-_subtype:_IE_source_Venezuelan_equine_encephalitis_virus_extraction,1,1,1,1,1,0,1,1,0,0,0,0,0,0,1,1,1,0,0,0,1,1,1,1,1,1,1,0,1,1,1,0,0,1,1,0,0,1,0,0,0,1,1,1,1,1,1,0,0,0,1,0,0,0,0,1,1,1,1,1,1,1,0,1,1,0,1,0,0,1,1,0,1,1,0,1,1,0,1,1,1,1,1,0,1,1,0,0,1,1,0,1,1,1,1,1,1,0,1,0,1,0,1,1,0,1
KC344483_-_subtype:_IAB_source_Venezuelan_equine_encephalitis_virus_extraction,1,1,0,1,0,0,1,1,1,0,0,0,1,0,1,1,1,1,0,0,1,1,0,0,1,1,1,0,1,1,1,0,0,1,1,0,0,1,1,0,0,1,1,1,1,1,1,0,1,1,1,0,0,1,0,1,1,1,1,1,1,1,0,1,1,1,1,0,0,1,1,0,0,1,0,1,1,0,1,1,1,1,1,0,1,1,1,0,1,1,0,1,1,1,1,1,1,0,1,1,1,1,1,1,0,1
KC344484_-_subtype:_IC_source_Venezuelan_equine_encephalitis_virus_extraction,1,1,0,1,0,0,1,1,1,0,0,0,0,1,1,1,1,1,1,0,1,1,0,0,1,1,1,1,1,1,1,0,0,1,1,0,0,1,1,1,0,1,1,1,1,1,1,0,1,1,1,0,0,1,0,1,1,1,1,1,1,1,0,1,1,1,1,0,0,1,1,0,0,1,0,1,1,0,1,1,1,1,1,0,1,1,1,0,1,1,0,1,1,1,1,1,1,1,1,1,1,0,1,1,0,1
KC344485_-_subtype:_IAB_source_Venezuelan_equine_encephalitis_virus_extraction,1,1,0,1,0,0,1,1,1,0,0,0,1,0,1,1,1,1,1,0,1,1,0,0,1,1,1,0,1,1,1,0,0,1,1,0,0,1,1,0,0,1,1,1,1,1,1,0,1,1,1,0,0,1,0,1,1,1,1,1,1,1,0,1,1,1,1,0,0,1,1,0,0,1,0,1,1,0,1,1,1,1,1,0,1,1,1,0,1,1,0,1,1,1,1,1,1,0,1,1,1,1,1,1,0,1
KC344486_-_subtype:_ID_source_Venezuelan_equine_encephalitis_virus_extraction,1,1,0,1,0,0,1,1,1,0,0,0,0,1,1,1,1,1,1,0,1,1,0,0,1,1,1,1,1,1,1,0,0,1,1,0,0,1,1,0,0,1,1,1,1,1,1,0,1,1,1,0,0,1,0,1,1,1,1,1,1,1,0,1,1,1,1,0,0,1,1,0,0,1,0,1,1,0,1,1,1,1,1,0,1,1,1,0,1,1,0,1,1,1,1,1,1,0,1,1,1,0,1,1,0,1
KC344487_-_subtype:_ID_source_Venezuelan_equine_encephalitis_virus_extraction,1,1,0,1,0,0,1,1,1,0,0,0,0,1,1,1,1,1,1,0,1,1,0,0,1,1,1,1,1,1,1,0,0,1,1,0,0,1,1,1,0,1,1,1,1,1,1,0,0,1,1,0,0,1,0,1,1,1,1,1,1,1,0,1,1,1,1,0,0,1,1,0,0,1,0,1,1,0,1,1,1,1,1,0,1,1,1,0,1,1,0,1,1,1,1,1,1,1,1,1,1,0,1,1,0,1
KC344489_-_source_Venezuelan_equine_encephalitis_virus_extraction,1,1,1,1,1,0,1,1,1,0,0,0,0,0,1,1,1,1,0,0,1,1,1,1,1,1,1,0,1,1,1,0,0,1,1,1,0,1,0,0,0,1,1,1,1,1,1,0,0,0,1,0,0,0,0,1,1,1,1,1,1,1,0,1,1,0,1,0,0,1,1,0,1,1,0,1,1,0,1,1,1,1,1,0,1,1,0,0,1,1,0,1,1,1,1,1,1,0,1,0,1,0,1,1,0,1
KC344490_-_subtype:_ID_source_Venezuelan_equine_encephalitis_virus_extraction,1,1,0,1,0,0,1,1,1,0,0,1,1,1,1,1,1,1,1,0,1,1,0,1,1,1,1,0,1,1,1,0,0,1,1,0,0,1,1,1,0,1,1,1,1,1,1,0,1,1,1,0,0,1,0,1,1,1,1,1,1,1,0,1,1,1,1,0,0,1,1,0,0,1,0,1,1,0,1,1,1,1,1,0,0,1,1,0,1,1,0,1,1,1,1,1,1,1,1,1,1,0,1,1,0,1
KC344491_-_source_Venezuelan_equine_encephalitis_virus_extraction,1,1,1,1,0,0,1,1,1,0,0,0,0,0,1,1,1,1,0,0,1,1,1,1,1,1,1,0,1,1,1,0,0,1,1,1,0,1,0,0,0,1,1,1,1,1,1,0,0,0,1,0,0,0,0,1,1,1,1,1,1,1,0,1,1,0,1,0,0,1,1,0,0,1,0,1,1,0,1,1,1,1,1,0,1,1,0,0,1,1,0,1,1,1,1,1,1,0,1,0,1,0,1,1,0,1
KC344492_-_source_Venezuelan_equine_encephalitis_virus_extraction,1,1,1,1,0,0,1,1,1,0,0,0,0,0,1,1,1,1,0,0,1,1,1,1,1,1,1,0,1,1,1,0,0,1,1,1,0,1,0,0,0,1,1,1,1,1,1,0,0,0,1,0,0,0,0,1,1,1,1,1,1,1,0,1,1,0,1,0,0,1,1,0,0,1,0,1,1,0,1,1,1,1,1,0,1,1,0,0,1,1,0,1,1,1,1,1,1,0,1,0,1,0,1,1,0,1
KC344493_-_subtype:_IE_source_Venezuelan_equine_encephalitis_virus_extraction,1,1,1,1,1,0,1,1,1,0,0,0,0,0,1,1,1,1,0,0,1,1,1,1,1,1,1,0,1,1,1,0,0,1,1,1,0,1,0,0,0,1,1,1,1,1,1,0,0,0,1,0,0,0,0,1,1,1,1,1,1,1,0,1,1,0,1,0,0,1,1,0,0,1,0,1,1,0,1,1,1,1,1,0,1,1,0,0,1,1,0,1,1,1,1,1,1,0,1,0,1,0,1,1,0,1
KC344494_-_subtype:_IE_source_Venezuelan_equine_encephalitis_virus_extraction,1,1,1,1,1,0,1,1,1,0,0,0,0,0,1,1,1,1,0,0,1,1,1,1,1,1,1,0,1,1,1,0,0,1,1,1,0,1,0,0,0,1,1,1,1,1,1,0,0,0,1,0,0,0,0,1,1,1,1,1,1,1,0,1,1,0,1,0,0,1,1,0,1,1,0,1,1,0,1,1,1,1,1,0,1,1,0,0,1,1,0,1,1,1,1,1,1,0,1,0,1,0,1,1,0,1
KC344495_-_subtype:_IE_source_Venezuelan_equine_encephalitis_virus_extraction,1,1,1,1,1,0,1,1,1,0,0,0,0,0,1,1,1,1,0,0,1,1,1,1,1,1,1,0,1,1,1,0,0,1,1,1,0,1,0,0,0,1,1,1,1,1,1,0,0,0,1,0,0,0,0,1,1,1,1,1,1,1,0,1,1,0,1,0,0,1,1,0,1,1,0,1,1,0,1,1,1,1,1,0,1,1,0,0,1,1,0,1,1,1,1,1,1,0,1,0,1,0,1,1,0,1
KC344496_-_subtype:_IE_source_Venezuelan_equine_encephalitis_virus_extraction,1,1,1,1,0,0,1,1,1,0,0,0,0,0,1,1,1,1,0,0,1,1,1,1,1,1,1,0,1,1,1,0,0,1,1,1,0,1,0,0,0,1,1,1,1,1,1,0,0,0,1,0,0,0,0,1,1,1,1,1,1,1,0,1,1,0,1,0,0,1,1,0,0,1,0,1,1,0,1,1,1,1,1,0,1,1,0,0,1,1,0,1,1,1,1,1,1,0,1,0,1,0,1,1,0,1
KC344497_-_subtype:_IE_source_Venezuelan_equine_encephalitis_virus_extraction,1,1,1,1,0,0,1,1,1,0,0,0,0,0,1,1,1,1,0,0,1,1,1,1,1,1,1,0,1,1,1,0,0,1,1,1,0,1,0,0,0,1,1,1,1,1,1,0,0,0,1,0,0,0,0,1,1,1,1,1,1,1,0,1,1,0,1,0,0,1,1,0,0,1,0,1,1,0,1,1,1,1,1,0,1,1,0,0,1,1,0,1,1,1,1,1,1,0,1,0,1,0,1,1,0,1
KC344498_-_subtype:_IE_source_Venezuelan_equine_encephalitis_virus_extraction,1,1,1,1,0,0,1,1,1,0,0,0,0,0,1,1,1,1,0,0,1,1,1,1,1,1,1,0,1,1,1,0,0,1,1,1,0,1,0,0,0,1,1,1,1,1,1,0,0,0,1,0,0,0,0,1,1,1,1,1,1,1,0,1,1,0,1,0,0,1,1,0,0,1,0,1,1,0,1,1,1,1,1,0,1,1,0,0,1,1,0,1,1,1,1,1,1,0,1,0,1,0,1,1,0,1
KC344499_-_subtype:_IE_source_Venezuelan_equine_encephalitis_virus_extraction,1,1,1,1,0,0,1,1,1,0,0,0,0,0,1,1,1,1,0,0,1,1,1,1,1,1,1,0,1,1,1,0,0,1,1,1,0,1,0,0,0,1,1,1,1,1,1,0,0,0,1,0,0,0,0,1,1,1,1,1,1,1,0,1,1,0,1,0,0,1,1,0,0,1,0,1,1,0,1,1,1,1,1,0,1,1,0,0,1,1,0,1,1,1,1,1,1,0,1,0,1,0,1,1,0,1
KC344500_-_subtype:_IE_source_Venezuelan_equine_encephalitis_virus_extraction,1,1,1,1,0,0,1,1,1,0,0,0,0,0,1,1,1,1,0,0,1,1,1,1,1,1,1,0,1,1,1,0,0,1,1,1,0,1,0,0,0,1,1,1,1,1,1,0,0,0,1,0,0,0,0,1,1,1,1,1,1,1,0,1,1,0,1,0,0,1,1,0,0,1,0,1,1,0,1,1,1,1,1,0,1,1,0,0,1,1,0,1,1,1,1,1,1,0,1,0,1,0,1,1,0,1
KC344501_-_subtype:_IE_source_Venezuelan_equine_encephalitis_virus_extraction,1,1,1,1,0,0,1,1,1,0,0,0,0,0,1,1,1,1,0,0,1,1,1,1,1,1,1,0,1,1,1,0,0,1,1,1,0,1,0,0,0,1,1,1,1,1,1,0,0,0,1,0,0,0,0,1,1,1,1,1,1,1,0,1,1,0,1,0,0,1,1,0,0,1,0,1,1,0,1,1,1,1,1,0,1,1,0,0,1,1,0,1,1,1,1,1,1,0,1,0,1,0,1,1,0,1
KC344502_-_subtype:_ID_source_Venezuelan_equine_encephalitis_virus_extraction,1,1,0,1,0,0,1,1,1,0,0,0,0,1,1,1,1,1,1,0,1,1,0,0,1,1,1,1,1,1,1,0,0,1,1,0,0,1,1,0,0,1,1,1,1,1,1,0,1,1,1,0,0,1,0,1,1,1,1,1,1,1,0,1,1,1,1,0,0,1,1,0,0,1,0,1,1,0,1,1,1,1,1,0,1,1,1,0,1,1,0,1,1,1,1,1,1,0,1,1,1,0,1,1,0,1
KC344505_-_subtype:_IAB_source_Venezuelan_equine_encephalitis_virus_extraction,1,1,0,1,0,0,1,1,1,0,0,0,1,0,1,1,1,1,1,0,1,1,0,0,1,1,1,0,1,1,1,0,0,1,1,0,0,1,1,0,0,1,1,1,1,1,1,0,1,1,1,0,0,1,0,1,1,1,1,1,1,1,0,1,1,1,1,0,0,1,1,0,0,1,0,1,1,0,1,1,1,1,1,0,1,1,1,0,1,1,0,1,1,1,1,1,1,0,1,1,1,1,1,1,0,1
KC344506_-_subtype:_ID_source_Venezuelan_equine_encephalitis_virus_extraction,1,1,0,1,0,0,1,1,1,0,0,1,0,1,1,1,1,1,1,0,1,1,0,1,1,1,1,1,1,1,1,0,0,1,1,0,0,1,1,1,0,1,1,1,1,1,1,0,1,1,1,0,0,1,0,1,1,1,1,1,1,1,0,1,1,1,1,0,0,1,1,0,0,1,0,1,1,0,1,1,1,1,1,0,1,1,1,0,1,1,0,1,1,1,1,1,1,1,1,1,1,0,1,1,0,1
KC344508_-_subtype:_ID_source_Venezuelan_equine_encephalitis_virus_extraction,1,1,0,1,0,0,1,1,1,0,0,0,0,1,1,1,1,1,1,0,1,1,0,0,1,1,1,1,1,1,1,0,0,1,1,0,0,1,1,0,0,1,1,1,1,1,1,0,1,1,1,0,0,1,0,1,1,1,1,1,1,1,0,1,1,1,1,0,0,1,1,0,0,1,0,1,1,0,1,1,1,1,1,0,1,1,1,0,1,1,0,1,1,1,1,1,1,0,1,1,1,0,1,1,0,1
KC344509_-_subtype:_ID_source_Venezuelan_equine_encephalitis_virus_extraction,1,1,0,1,0,0,1,1,1,0,0,0,0,1,1,1,1,1,1,0,1,1,0,0,1,1,1,1,1,1,1,0,0,1,1,0,0,1,1,0,0,1,1,1,1,1,1,0,1,1,1,0,0,1,0,1,1,1,1,1,1,1,0,1,1,1,1,0,0,1,1,0,0,1,0,1,1,0,1,1,1,1,1,0,1,1,1,0,1,1,0,1,1,1,1,1,1,0,1,1,1,0,1,1,0,1
KC344510_-_subtype:_ID_source_Venezuelan_equine_encephalitis_virus_extraction,1,1,0,1,0,0,1,1,1,0,0,0,0,0,1,1,1,1,1,0,1,1,0,0,1,1,1,1,1,1,1,0,0,1,1,0,0,1,1,0,0,1,1,1,1,1,1,0,1,1,1,0,0,1,0,1,1,1,1,1,1,1,0,1,1,1,1,0,0,1,1,0,0,1,0,1,1,0,1,1,1,1,1,0,1,1,1,0,1,1,0,1,1,1,1,1,1,0,1,1,1,0,1,1,0,1
KC344511_-_subtype:_ID_source_Venezuelan_equine_encephalitis_virus_extraction,1,1,0,1,0,0,1,1,1,0,0,0,0,0,1,1,1,1,1,0,1,1,0,0,1,1,1,1,1,1,1,0,0,1,1,0,0,1,1,0,0,1,1,1,1,1,1,0,1,1,1,0,0,1,0,1,1,1,1,1,1,1,0,1,1,1,1,0,0,1,1,0,0,1,0,1,1,0,1,1,1,1,1,0,1,1,1,0,1,1,0,1,1,1,1,1,1,0,1,1,1,0,1,1,0,1
KC344512_-_subtype:_ID_source_Venezuelan_equine_encephalitis_virus_extraction,1,1,0,1,0,0,1,1,1,0,0,0,0,1,1,1,1,0,1,0,1,1,0,0,1,1,1,1,1,1,1,0,0,1,1,0,0,1,1,1,0,1,1,1,1,1,1,0,1,0,1,0,0,1,0,1,1,1,1,1,1,1,0,1,1,1,1,0,0,1,1,0,0,1,0,1,1,0,1,1,1,1,1,1,1,1,1,0,1,0,0,1,1,1,1,1,1,1,1,1,1,0,1,1,0,1
KC344513_-_subtype:_ID_source_Venezuelan_equine_encephalitis_virus_extraction,1,1,0,1,0,0,1,1,1,0,0,0,0,1,1,1,1,1,1,0,1,1,0,0,1,1,1,0,1,1,1,0,0,1,1,0,0,1,1,0,0,1,1,1,1,1,1,0,1,1,1,0,0,1,0,1,1,1,1,1,1,1,0,1,1,1,1,0,0,1,1,0,0,1,0,1,1,0,1,1,1,1,1,0,1,1,1,0,1,1,0,1,1,1,1,1,1,0,1,1,1,0,1,1,0,1
KC344514_-_subtype:_ID_source_Venezuelan_equine_encephalitis_virus_extraction,1,1,0,1,0,0,1,1,1,0,0,0,0,1,1,1,1,1,1,0,1,1,0,0,1,1,1,1,1,1,1,0,0,1,1,0,0,1,1,1,0,1,1,1,1,1,1,0,1,1,1,0,0,1,0,1,1,1,1,1,1,1,0,1,1,1,1,0,0,1,1,0,0,1,0,1,1,0,1,1,1,1,1,0,1,1,1,0,1,1,0,1,1,1,1,1,1,0,1,1,1,0,1,1,0,1
KC344515_-_source_Venezuelan_equine_encephalitis_virus_extraction,1,1,1,1,1,0,1,1,0,0,0,0,0,0,1,1,1,0,0,0,1,1,1,1,1,1,1,0,1,1,1,0,0,1,1,0,0,1,0,0,0,1,1,1,1,1,1,0,0,0,1,0,0,0,0,1,1,1,1,1,1,1,0,1,1,0,1,0,0,1,1,0,1,1,0,1,1,0,1,1,1,1,1,0,1,1,0,0,1,1,0,1,1,1,1,1,1,0,1,0,1,0,1,1,0,1
KC344516_-_subtype:_IAB_source_Venezuelan_equine_encephalitis_virus_extraction,1,1,0,1,0,0,1,1,1,0,0,0,1,0,1,1,1,1,1,0,1,1,0,0,1,1,1,0,1,1,1,0,0,1,1,0,0,1,1,0,0,1,1,1,1,1,1,0,1,1,1,0,0,1,0,1,1,1,1,1,1,1,0,1,1,1,1,0,0,1,1,0,0,1,0,1,1,0,1,1,1,1,1,0,1,1,1,0,1,1,0,1,1,1,1,1,1,0,1,1,1,1,1,1,0,1
KC344517_-_subtype:_ID_source_Venezuelan_equine_encephalitis_virus_extraction,1,1,0,1,0,0,1,1,1,0,0,0,1,0,1,0,1,1,0,0,1,1,0,0,0,1,1,0,1,1,1,0,0,0,1,0,0,1,1,0,1,1,1,1,1,1,1,0,1,1,1,0,0,1,0,1,1,1,1,1,1,1,0,1,1,1,1,0,0,1,1,0,0,1,0,1,1,0,1,1,1,1,1,0,1,1,1,0,1,1,0,1,1,1,1,1,1,0,1,1,1,1,1,1,0,1
KC344518_-_subtype:_ID_source_Venezuelan_equine_encephalitis_virus_extraction,1,1,0,1,0,0,1,1,1,0,0,1,0,1,1,1,1,1,1,0,1,1,0,1,1,1,1,1,1,1,1,0,0,1,1,0,0,1,1,1,0,1,1,1,1,1,1,0,1,1,1,0,0,1,0,1,1,1,1,1,1,1,0,1,1,1,1,0,0,1,1,0,0,1,0,1,1,0,1,1,1,1,1,0,1,1,1,0,1,1,0,1,1,1,1,1,1,1,1,1,1,0,1,1,0,1
KC344519_-_subtype:_ID_source_Venezuelan_equine_encephalitis_virus_extraction,1,1,0,1,0,0,1,1,1,0,0,0,0,1,1,1,1,1,1,0,1,1,0,0,1,1,1,1,1,1,1,0,0,1,1,0,0,1,1,1,0,1,1,1,1,1,1,0,1,1,1,0,0,1,0,1,1,1,1,1,1,1,0,1,1,1,1,0,0,1,1,0,0,1,0,1,1,0,1,1,1,1,1,0,1,1,1,0,1,1,0,1,1,1,1,1,1,1,1,1,1,0,1,1,0,1
KC344520_-_subtype:_ID_source_Venezuelan_equine_encephalitis_virus_extraction,1,1,0,1,0,0,1,1,1,0,0,0,1,0,1,1,1,1,1,0,1,1,0,0,1,1,1,1,1,1,1,0,0,1,1,0,0,1,1,1,0,1,1,1,1,1,1,0,1,1,1,0,0,1,0,1,1,1,1,1,1,1,0,1,1,1,1,0,0,1,1,0,0,1,0,1,1,0,1,1,1,1,1,0,1,1,1,0,1,1,0,1,1,1,1,1,1,1,1,1,1,0,1,1,0,1
KC344521_-_subtype:_ID_source_Venezuelan_equine_encephalitis_virus_extraction,1,1,0,1,0,0,1,1,1,0,0,0,0,1,1,1,1,1,1,0,1,1,0,0,1,1,1,1,1,1,1,0,0,1,1,0,0,1,1,0,0,1,1,1,1,1,1,0,1,1,1,0,0,1,0,1,1,1,1,1,1,1,0,1,1,1,1,0,0,1,1,0,0,1,0,1,1,0,1,1,1,1,1,0,1,1,1,0,1,1,0,1,1,1,1,1,1,0,1,1,1,0,1,1,0,1
KC344522_-_subtype:_ID_source_Venezuelan_equine_encephalitis_virus_extraction,1,1,0,1,0,0,1,1,1,0,0,0,0,1,1,1,1,1,1,0,1,1,0,0,1,1,1,1,1,1,1,0,0,1,1,0,0,1,1,0,0,1,1,1,1,1,1,0,1,1,1,0,0,1,0,1,1,1,1,1,1,1,0,1,1,1,1,0,0,1,1,0,0,1,0,1,1,0,1,1,1,1,1,0,1,1,1,0,1,1,0,1,1,1,1,1,1,0,1,1,1,0,1,1,0,1
KC344523_-_source_Venezuelan_equine_encephalitis_virus_extraction,1,1,0,1,0,0,1,1,1,0,0,0,0,1,1,1,1,1,1,0,1,1,0,0,1,1,1,1,1,1,1,0,0,1,1,0,0,1,1,0,0,1,1,1,1,1,1,0,1,1,1,0,0,1,0,1,1,1,1,1,1,1,0,1,1,1,1,0,0,1,1,0,0,1,0,1,1,0,1,1,1,1,1,0,1,1,1,0,1,1,0,1,1,1,1,1,1,0,1,1,1,0,1,1,0,1
KC344524_-_subtype:_ID_source_Venezuelan_equine_encephalitis_virus_extraction,1,1,0,1,0,0,1,1,1,0,0,0,0,1,1,1,1,1,1,0,1,1,0,0,1,1,1,0,1,1,1,0,0,1,1,0,0,1,1,1,0,1,1,1,1,1,1,0,1,1,1,0,0,1,0,1,1,1,1,1,1,1,0,1,1,1,1,0,0,1,1,0,0,1,0,1,1,0,1,1,1,1,1,0,1,1,1,0,1,1,0,1,1,1,1,1,1,1,1,1,1,0,1,1,0,1
KC344525_-_subtype:_ID_source_Venezuelan_equine_encephalitis_virus_extraction,1,1,0,1,0,0,1,1,1,0,0,0,1,1,1,1,1,1,1,0,1,1,0,0,1,1,1,1,1,1,1,0,0,1,1,0,0,1,1,0,0,1,1,1,1,1,1,0,1,1,1,0,0,1,0,1,1,1,1,1,1,1,0,1,1,1,1,0,0,1,1,0,0,1,0,1,1,0,1,1,1,1,1,0,1,1,1,0,1,1,0,1,1,1,1,1,1,0,1,1,1,0,1,1,0,1
KC344526_-_subtype:_ID_source_Venezuelan_equine_encephalitis_virus_extraction,1,1,0,1,0,0,1,1,1,0,0,1,1,1,1,1,1,1,1,0,1,1,0,1,1,1,1,0,1,1,1,0,0,1,1,0,0,1,1,1,0,1,1,1,1,1,1,0,1,1,1,0,0,1,0,1,1,1,1,1,1,1,0,1,1,1,1,0,0,1,1,0,0,1,0,1,1,0,1,1,1,1,1,0,0,1,1,0,1,1,0,1,1,1,1,1,1,1,1,1,1,0,1,1,0,1
KC344527_-_source_Venezuelan_equine_encephalitis_virus_extraction,1,1,1,1,1,0,1,1,1,0,0,0,0,0,1,1,1,1,0,0,1,1,1,1,1,1,1,0,1,1,1,0,0,1,1,0,0,1,0,0,0,1,1,1,1,1,1,0,0,0,1,0,0,0,0,1,1,1,1,1,1,1,0,1,1,0,1,0,0,1,1,0,1,1,0,1,1,0,1,1,1,1,1,0,1,1,1,0,1,1,0,1,1,1,1,1,1,0,1,0,1,0,1,1,0,1
KC344528_-_subtype:_IC_source_Venezuelan_equine_encephalitis_virus_extraction,1,1,0,1,0,0,1,1,1,0,0,0,0,1,1,1,1,0,1,0,1,1,0,0,1,1,1,1,1,1,1,0,0,1,1,0,0,1,1,1,0,1,1,1,1,1,1,0,1,0,1,0,0,1,0,1,1,1,1,1,1,1,0,1,1,1,1,0,0,1,1,0,0,1,0,1,1,0,1,1,1,1,1,1,1,1,1,0,1,1,0,1,1,1,1,1,1,1,1,1,1,0,1,1,0,1
KF985959_-_subtype=IC_source_Venezuelan_equine_encephalitis_virus_extraction,1,1,0,1,0,0,1,1,1,0,0,0,0,1,1,1,1,0,1,0,1,1,0,0,1,1,1,1,1,1,1,0,0,1,1,0,0,1,1,1,0,1,1,1,1,1,1,0,1,0,1,0,0,1,0,1,1,1,1,1,1,1,0,1,1,1,1,0,0,1,1,0,0,1,0,1,1,0,1,1,1,1,1,1,1,1,1,0,1,0,0,1,1,1,1,1,1,1,1,1,1,0,1,1,0,1
KP282671_-_Vero_passage_V3_source_Venezuelan_equine_encephalitis_virus_extraction,1,1,0,1,0,0,1,1,1,0,0,0,0,1,1,1,1,0,1,0,1,1,0,0,1,1,1,1,1,1,1,0,0,1,1,0,0,1,1,1,0,1,1,1,1,1,1,0,1,0,1,0,0,1,0,1,1,1,1,1,1,1,0,1,1,1,1,0,0,1,1,0,0,1,0,1,1,0,1,1,1,1,1,1,1,1,1,0,1,0,0,1,1,1,1,1,1,1,1,1,1,0,1,1,0,1
KR260736_-_source_Venezuelan_equine_encephalitis_virus_extraction,1,1,0,1,0,0,1,1,1,0,0,0,1,0,1,1,1,1,1,0,1,1,0,0,1,1,1,0,1,1,1,0,0,1,1,0,0,1,1,0,0,1,1,1,1,1,1,0,1,1,1,0,0,1,0,1,1,1,1,1,1,1,0,1,1,1,1,0,0,1,1,0,0,1,0,1,1,0,1,1,1,1,1,0,1,1,1,0,1,1,0,1,1,1,1,1,1,0,1,1,1,1,1,1,0,1
KR260737_-_source_Venezuelan_equine_encephalitis_virus_extraction,1,1,0,1,0,0,1,1,1,1,0,0,0,0,1,0,1,0,0,1,1,1,1,0,1,1,1,0,1,1,1,0,1,1,1,0,0,1,1,0,1,1,1,1,1,1,1,0,1,0,1,1,0,1,0,1,1,1,1,1,1,1,0,1,1,1,1,0,0,1,1,0,1,1,0,1,1,0,1,1,1,1,1,0,1,1,1,0,1,0,1,1,1,1,1,1,1,1,1,0,1,0,1,1,0,1
MF459684_-_source_Venezuelan_equine_encephalitis_virus_extraction,1,1,0,1,0,0,1,1,1,0,0,0,0,1,1,1,1,1,1,0,1,1,0,0,1,1,1,0,1,1,1,0,0,1,1,0,0,1,1,0,0,1,1,1,1,1,1,0,1,1,1,0,0,1,0,1,1,1,1,1,1,1,0,1,1,1,1,0,0,1,1,0,0,1,0,1,1,0,1,1,1,1,1,0,1,1,1,0,1,1,0,1,1,1,1,1,1,0,1,1,1,0,1,1,0,1
MF590066_-_source_Venezuelan_equine_encephalitis_virus_extraction,1,1,0,1,0,0,1,1,1,0,0,0,1,1,0,1,1,1,1,0,1,1,0,1,1,1,1,0,1,1,1,0,0,1,1,0,0,1,0,1,0,1,1,1,1,1,1,0,1,0,1,0,0,1,0,1,1,1,1,1,1,1,0,1,1,1,1,0,0,1,1,0,0,1,0,1,1,0,1,1,1,1,1,0,0,1,1,0,1,1,0,1,1,1,1,1,1,1,1,1,1,0,1,1,0,1
MH086244_-_subtype:_IIIC_source_Venezuelan_equine_encephalitis_virus_extraction,1,1,1,1,1,1,1,1,0,0,0,0,0,0,1,1,1,0,0,0,1,1,0,1,1,1,1,0,1,1,1,0,0,1,1,0,0,1,0,0,0,1,1,1,1,1,1,0,1,0,1,0,0,1,0,1,1,1,1,1,1,1,1,1,1,1,0,0,0,1,1,1,1,1,0,0,1,0,1,1,1,1,1,0,1,1,1,1,1,1,0,1,0,1,1,1,1,0,1,0,1,0,1,1,1,0
MH086245_-_subtype:_IIID_source_Venezuelan_equine_encephalitis_virus_extraction,1,1,1,1,1,1,1,1,0,0,0,0,0,0,1,1,1,0,0,0,1,1,0,1,1,1,1,0,1,1,1,0,0,1,1,0,0,1,0,0,0,1,1,1,1,1,1,0,1,0,1,0,0,1,0,1,1,1,1,1,1,1,1,1,1,1,0,0,0,1,1,1,1,1,0,0,1,0,1,1,1,1,1,0,1,1,1,1,1,1,0,1,0,1,1,1,1,0,1,0,1,0,1,1,1,0
MH086246_-_subtype:_IIID_source_Venezuelan_equine_encephalitis_virus_extraction,1,1,1,1,1,1,1,1,0,0,0,0,0,0,1,1,1,0,0,0,1,1,0,1,1,1,1,0,1,1,1,0,0,1,1,0,0,1,0,0,0,1,1,1,1,1,1,0,1,0,1,0,0,1,0,1,1,1,1,1,1,1,1,1,1,1,0,0,0,1,1,1,1,1,0,0,1,0,1,1,1,1,1,0,1,1,1,1,1,1,0,1,0,1,1,1,1,0,1,0,1,0,1,1,1,0
MH086247_-_subtype:_IIID_source_Venezuelan_equine_encephalitis_virus_extraction,1,1,1,1,1,1,1,1,0,0,0,0,0,0,1,1,1,0,0,0,1,1,0,1,1,1,1,0,1,1,1,0,0,1,1,0,0,1,0,0,0,1,1,1,1,1,1,0,1,0,1,0,0,1,0,1,1,1,1,1,1,1,1,1,1,1,0,0,0,1,1,1,1,1,0,0,1,0,1,1,1,1,1,0,1,1,1,1,1,1,0,1,0,1,1,1,1,0,1,0,1,0,1,1,1,0
MH086248_-_subtype:_IIID_source_Venezuelan_equine_encephalitis_virus_extraction,1,1,1,1,1,1,1,1,0,0,0,0,0,0,1,1,1,0,0,0,1,1,0,1,1,1,1,0,1,1,1,0,0,1,1,0,0,1,0,0,0,1,1,1,1,1,1,0,1,0,1,0,0,1,0,1,1,1,1,1,1,1,1,1,1,1,0,0,0,1,1,1,1,1,0,0,1,0,1,1,1,1,1,0,1,1,1,1,1,1,0,1,0,1,1,1,1,0,1,0,1,0,1,1,1,0
MH086249_-_subtype:_IIID_source_Venezuelan_equine_encephalitis_virus_extraction,1,1,1,1,1,1,1,1,0,0,0,0,0,0,1,1,1,0,0,0,1,1,0,1,1,1,1,0,1,1,1,0,0,1,1,0,0,1,0,0,0,1,1,1,1,1,1,0,0,0,1,0,0,1,0,1,1,1,1,1,1,1,1,1,1,1,0,0,0,1,1,1,1,1,0,0,1,0,1,1,1,1,1,0,1,1,1,1,1,1,0,1,0,1,1,1,1,0,1,0,1,0,1,1,1,0
MK796243_-_subtype:_IE_source_Venezuelan_equine_encephalitis_virus_extraction,1,1,1,1,0,0,1,1,1,0,0,0,0,0,1,1,1,1,0,0,1,1,1,1,1,1,1,0,1,1,1,0,0,1,1,0,0,1,0,0,0,1,1,1,1,1,1,0,0,0,1,0,0,0,0,1,1,1,1,1,1,1,0,1,1,0,1,0,0,1,1,0,1,1,0,1,1,0,1,1,1,1,1,0,1,1,1,0,1,1,0,1,1,1,1,1,1,0,1,0,1,0,1,1,0,1
MZ399798_-_source_Venezuelan_equine_encephalitis_virus_extraction,1,1,0,1,0,0,1,1,1,0,0,0,1,0,1,1,1,1,1,0,1,1,0,0,1,1,1,0,1,1,1,0,0,1,1,0,0,1,1,0,0,1,1,1,1,1,1,0,1,1,1,0,0,1,0,1,1,1,1,1,1,1,0,1,1,1,1,0,0,1,1,0,0,1,0,1,1,0,1,1,1,1,1,0,1,1,1,0,1,1,0,1,1,1,1,1,1,0,1,1,1,1,1,1,0,1
MZ399799_-_passaged_with_SRI-34329_source_Venezuelan_equine_encephalitis_virus_extraction,1,1,0,1,0,0,1,1,1,0,0,0,1,0,1,1,1,1,1,0,1,1,0,0,1,1,1,0,1,1,1,0,0,1,1,0,0,1,1,0,0,1,1,1,1,1,1,0,1,1,1,0,0,1,0,1,1,1,1,1,1,1,0,1,1,1,1,0,0,1,1,0,0,1,0,1,1,0,1,1,1,1,1,0,1,1,1,0,1,1,0,1,1,1,1,1,1,0,1,1,1,1,1,1,0,1
NC_001449_-_source_Venezuelan_equine_encephalitis_virus_extraction,1,1,0,1,0,0,1,1,1,0,0,0,0,1,1,1,1,0,1,0,1,1,0,0,1,1,1,1,1,1,1,0,0,1,1,0,0,1,1,1,0,1,1,1,1,1,1,0,1,0,1,0,0,1,0,1,1,1,1,1,1,1,0,1,1,1,1,0,0,1,1,0,0,1,0,1,1,0,1,1,1,1,1,1,1,1,1,0,1,0,0,1,1,1,1,1,1,1,1,1,1,0,1,1,0,1
NC_075022_-_source_Venezuelan_equine_encephalitis_virus_extraction,1,1,0,1,0,0,1,1,1,0,0,0,1,0,1,1,1,1,1,0,1,1,0,0,1,1,1,0,1,1,1,0,0,1,1,0,0,1,1,0,0,1,1,1,1,1,1,0,1,1,1,0,0,1,0,1,1,1,1,1,1,1,0,1,1,1,1,0,0,1,1,0,0,1,0,1,1,0,1,1,1,1,1,0,1,1,1,0,1,1,0,1,1,1,1,1,1,0,1,1,1,1,1,1,0,1
OR644785_-_source_Venezuelan_equine_encephalitis_virus_extraction,1,1,0,1,0,0,1,1,1,0,0,0,0,0,1,1,1,1,1,0,1,1,0,0,1,1,1,1,1,1,1,0,0,1,1,0,0,1,1,0,0,1,1,1,1,1,1,0,1,0,1,0,0,1,0,1,1,1,1,1,1,1,0,1,1,1,1,0,0,1,1,0,0,1,0,1,1,0,1,1,1,1,1,0,1,1,1,0,1,1,0,1,1,1,1,1,1,0,1,1,1,0,1,1,0,1
PP700505_-_metagenomic;_subtype:_ID_source_Venezuelan_equine_encephalitis_virus_extraction,1,1,0,1,0,0,1,1,1,0,0,1,1,1,1,1,1,1,1,0,1,1,0,0,1,1,1,0,1,1,1,0,0,1,1,0,0,1,1,1,0,1,1,1,1,1,1,0,0,1,1,0,0,1,0,1,1,1,1,1,1,1,0,1,1,1,1,0,0,1,1,0,0,1,0,1,1,0,1,1,1,1,1,0,1,0,1,0,1,1,0,1,1,1,1,1,1,1,1,1,1,0,1,1,0,1
PQ406672_-_subtype:_IE_source_Venezuelan_equine_encephalitis_virus_extraction,1,1,1,1,0,0,1,1,1,0,0,0,0,0,1,1,1,1,0,0,1,1,1,1,1,1,1,0,1,1,1,0,0,1,1,0,0,1,0,0,0,1,1,1,1,1,1,0,0,0,1,0,0,0,0,1,1,1,1,1,1,1,0,1,1,0,1,0,0,1,1,0,1,1,0,1,1,0,1,1,1,1,1,0,1,1,0,0,1,1,0,1,1,1,1,1,1,0,1,0,1,0,1,1,0,1
PQ513527_-_genotype:_ID_source_Venezuelan_equine_encephalitis_virus_extraction,1,1,0,1,0,0,1,1,1,0,0,1,1,1,0,1,1,1,1,0,1,1,0,1,1,1,1,0,1,1,1,0,0,1,1,0,0,1,1,1,0,1,1,1,1,1,1,0,1,1,1,0,0,1,0,1,1,1,1,1,1,1,0,1,1,1,1,0,0,1,1,0,0,1,0,1,1,0,1,1,1,1,1,0,0,1,1,0,1,1,0,1,1,1,1,1,1,0,1,1,1,0,1,1,0,1
PQ778495_-_source_Venezuelan_equine_encephalitis_virus_extraction,1,1,1,1,1,1,1,1,0,0,0,0,0,0,1,1,1,0,0,0,1,1,0,1,1,1,1,0,1,1,1,0,0,1,1,0,0,1,0,0,0,1,1,1,1,1,1,0,1,0,1,0,0,1,0,1,1,1,1,1,1,1,1,1,1,1,0,0,0,1,1,1,1,1,0,0,1,0,1,1,1,1,1,0,1,1,1,1,1,1,0,1,0,0,1,1,1,0,1,0,1,0,1,1,1,0
VEU55360_-_source_Venezuelan_equine_encephalitis_virus_extraction,1,1,0,1,0,0,1,1,1,0,0,0,0,1,1,1,1,1,1,0,1,1,0,0,1,1,1,0,1,1,1,0,0,1,1,0,0,1,1,0,0,1,1,1,1,1,1,0,1,1,1,0,0,1,0,1,1,1,1,1,1,1,0,1,1,1,1,0,0,1,1,0,0,1,0,1,1,0,1,1,1,1,1,0,1,1,1,0,1,1,0,1,1,1,1,1,1,0,1,1,1,0,1,1,0,1
VEU55362_-_source_Venezuelan_equine_encephalitis_virus_extraction,1,1,0,1,0,0,1,1,1,0,0,0,0,1,1,1,1,1,1,0,1,1,0,0,1,1,1,0,1,1,1,0,0,1,1,0,0,1,1,0,0,1,1,1,1,1,1,0,1,1,1,0,0,1,0,1,1,1,1,1,1,1,0,1,1,1,1,0,0,1,1,0,0,1,0,1,1,0,1,1,1,1,1,0,1,1,1,0,1,1,0,1,1,1,1,1,1,0,1,1,1,0,1,1,0,1
