ELMIdentifier,FunctionalSiteName,ELMType,Description,InteractionDomainDescription,InteractionDomainName,Regex,Instances (Matched Sequence),motif_start_in_query,motif_end_in_query
CLV_C14_Caspase3-7,Caspase cleavage motif,CLV,Caspase-3 and Caspase-7 cleavage site.,Peptidase_C14,Caspase domain,[DSTE][^P][^DEWHFYC]D[GSAN],SFTDS,44,48
CLV_C14_Caspase3-7,Caspase cleavage motif,CLV,Caspase-3 and Caspase-7 cleavage site.,Peptidase_C14,Caspase domain,[DSTE][^P][^DEWHFYC]D[GSAN],DRTDA,133,137
CLV_C14_Caspase3-7,Caspase cleavage motif,CLV,Caspase-3 and Caspase-7 cleavage site.,Peptidase_C14,Caspase domain,[DSTE][^P][^DEWHFYC]D[GSAN],ERIDA,150,154
CLV_C14_Caspase3-7,Caspase cleavage motif,CLV,Caspase-3 and Caspase-7 cleavage site.,Peptidase_C14,Caspase domain,[DSTE][^P][^DEWHFYC]D[GSAN],STADN,352,356
CLV_C14_Caspase3-7,Caspase cleavage motif,CLV,Caspase-3 and Caspase-7 cleavage site.,Peptidase_C14,Caspase domain,[DSTE][^P][^DEWHFYC]D[GSAN],SGSDN,381,385
CLV_C14_Caspase3-7,Caspase cleavage motif,CLV,Caspase-3 and Caspase-7 cleavage site.,Peptidase_C14,Caspase domain,[DSTE][^P][^DEWHFYC]D[GSAN],SFSDG,497,501
CLV_NRD_NRD_1,NRD cleavage site,CLV,N-Arg dibasic convertase (NRD/Nardilysin) cleavage site (X-|-R-K or R-|-R-X).,Peptidase_M16,Insulinase (Peptidase family M16),(.RK)|(RR[^KR]),FRK,73,75
CLV_NRD_NRD_1,NRD cleavage site,CLV,N-Arg dibasic convertase (NRD/Nardilysin) cleavage site (X-|-R-K or R-|-R-X).,Peptidase_M16,Insulinase (Peptidase family M16),(.RK)|(RR[^KR]),GRK,187,189
CLV_NRD_NRD_1,NRD cleavage site,CLV,N-Arg dibasic convertase (NRD/Nardilysin) cleavage site (X-|-R-K or R-|-R-X).,Peptidase_M16,Insulinase (Peptidase family M16),(.RK)|(RR[^KR]),ARK,322,324
CLV_NRD_NRD_1,NRD cleavage site,CLV,N-Arg dibasic convertase (NRD/Nardilysin) cleavage site (X-|-R-K or R-|-R-X).,Peptidase_M16,Insulinase (Peptidase family M16),(.RK)|(RR[^KR]),RRQ,405,407
CLV_NRD_NRD_1,NRD cleavage site,CLV,N-Arg dibasic convertase (NRD/Nardilysin) cleavage site (X-|-R-K or R-|-R-X).,Peptidase_M16,Insulinase (Peptidase family M16),(.RK)|(RR[^KR]),RRV,508,510
CLV_NRD_NRD_1,NRD cleavage site,CLV,N-Arg dibasic convertase (NRD/Nardilysin) cleavage site (X-|-R-K or R-|-R-X).,Peptidase_M16,Insulinase (Peptidase family M16),(.RK)|(RR[^KR]),PRK,540,542
CLV_NRD_NRD_1,NRD cleavage site,CLV,N-Arg dibasic convertase (NRD/Nardilysin) cleavage site (X-|-R-K or R-|-R-X).,Peptidase_M16,Insulinase (Peptidase family M16),(.RK)|(RR[^KR]),RRS,547,549
CLV_NRD_NRD_1,NRD cleavage site,CLV,N-Arg dibasic convertase (NRD/Nardilysin) cleavage site (X-|-R-K or R-|-R-X).,Peptidase_M16,Insulinase (Peptidase family M16),(.RK)|(RR[^KR]),RRT,550,552
CLV_PCSK_FUR_1,PCSK cleavage site,CLV,Furin (PACE) cleavage site (R-X-[RK]-R-|-X).,Peptidase_S8,Subtilase family,R.[RK]R.,RTKRE,5,9
CLV_PCSK_FUR_1,PCSK cleavage site,CLV,Furin (PACE) cleavage site (R-X-[RK]-R-|-X).,Peptidase_S8,Subtilase family,R.[RK]R.,RRRRR,544,548
CLV_PCSK_FUR_1,PCSK cleavage site,CLV,Furin (PACE) cleavage site (R-X-[RK]-R-|-X).,Peptidase_S8,Subtilase family,R.[RK]R.,RRRRS,545,549
CLV_PCSK_FUR_1,PCSK cleavage site,CLV,Furin (PACE) cleavage site (R-X-[RK]-R-|-X).,Peptidase_S8,Subtilase family,R.[RK]R.,RSRRT,548,552
CLV_PCSK_KEX2_1,PCSK cleavage site,CLV,Yeast kexin 2 cleavage site (K-R-|-X or R-R-|-X).,Peptidase_S8,Subtilase family,[KR]R.,KRE,7,9
CLV_PCSK_KEX2_1,PCSK cleavage site,CLV,Yeast kexin 2 cleavage site (K-R-|-X or R-R-|-X).,Peptidase_S8,Subtilase family,[KR]R.,KRW,39,41
CLV_PCSK_KEX2_1,PCSK cleavage site,CLV,Yeast kexin 2 cleavage site (K-R-|-X or R-R-|-X).,Peptidase_S8,Subtilase family,[KR]R.,RRQ,405,407
CLV_PCSK_KEX2_1,PCSK cleavage site,CLV,Yeast kexin 2 cleavage site (K-R-|-X or R-R-|-X).,Peptidase_S8,Subtilase family,[KR]R.,RRV,508,510
CLV_PCSK_KEX2_1,PCSK cleavage site,CLV,Yeast kexin 2 cleavage site (K-R-|-X or R-R-|-X).,Peptidase_S8,Subtilase family,[KR]R.,RRR,544,546
CLV_PCSK_KEX2_1,PCSK cleavage site,CLV,Yeast kexin 2 cleavage site (K-R-|-X or R-R-|-X).,Peptidase_S8,Subtilase family,[KR]R.,RRR,545,547
CLV_PCSK_KEX2_1,PCSK cleavage site,CLV,Yeast kexin 2 cleavage site (K-R-|-X or R-R-|-X).,Peptidase_S8,Subtilase family,[KR]R.,RRR,546,548
CLV_PCSK_KEX2_1,PCSK cleavage site,CLV,Yeast kexin 2 cleavage site (K-R-|-X or R-R-|-X).,Peptidase_S8,Subtilase family,[KR]R.,RRS,547,549
CLV_PCSK_KEX2_1,PCSK cleavage site,CLV,Yeast kexin 2 cleavage site (K-R-|-X or R-R-|-X).,Peptidase_S8,Subtilase family,[KR]R.,RRT,550,552
CLV_PCSK_PC1ET2_1,PCSK cleavage site,CLV,NEC1/NEC2 cleavage site (K-R-|-X).,Peptidase_S8,Subtilase family,KR.,KRE,7,9
CLV_PCSK_PC1ET2_1,PCSK cleavage site,CLV,NEC1/NEC2 cleavage site (K-R-|-X).,Peptidase_S8,Subtilase family,KR.,KRW,39,41
CLV_PCSK_PC7_1,PCSK cleavage site,CLV,"Proprotein convertase 7 (PC7, PCSK7) cleavage site (R-X-X-X-[RK]-R-|-X).",Peptidase_S8,Subtilase family,R...[KR]R.,RAIYKRW,35,41
CLV_PCSK_PC7_1,PCSK cleavage site,CLV,"Proprotein convertase 7 (PC7, PCSK7) cleavage site (R-X-X-X-[RK]-R-|-X).",Peptidase_S8,Subtilase family,R...[KR]R.,RKQRRRR,541,547
CLV_PCSK_PC7_1,PCSK cleavage site,CLV,"Proprotein convertase 7 (PC7, PCSK7) cleavage site (R-X-X-X-[RK]-R-|-X).",Peptidase_S8,Subtilase family,R...[KR]R.,RRRSRRT,546,552
CLV_PCSK_SKI1_1,PCSK cleavage site,CLV,Subtilisin/kexin isozyme-1 (SKI1) cleavage site ([RK]-X-[hydrophobic]-[LTKF]-|-X).,Peptidase_S8,Subtilase family,[RK].[AILMFV][LTKF].,KVLFP,218,222
CLV_PCSK_SKI1_1,PCSK cleavage site,CLV,Subtilisin/kexin isozyme-1 (SKI1) cleavage site ([RK]-X-[hydrophobic]-[LTKF]-|-X).,Peptidase_S8,Subtilase family,[RK].[AILMFV][LTKF].,KEVTV,283,287
CLV_PCSK_SKI1_1,PCSK cleavage site,CLV,Subtilisin/kexin isozyme-1 (SKI1) cleavage site ([RK]-X-[hydrophobic]-[LTKF]-|-X).,Peptidase_S8,Subtilase family,[RK].[AILMFV][LTKF].,KVVLF,308,312
CLV_PCSK_SKI1_1,PCSK cleavage site,CLV,Subtilisin/kexin isozyme-1 (SKI1) cleavage site ([RK]-X-[hydrophobic]-[LTKF]-|-X).,Peptidase_S8,Subtilase family,[RK].[AILMFV][LTKF].,RDVTD,359,363
CLV_PCSK_SKI1_1,PCSK cleavage site,CLV,Subtilisin/kexin isozyme-1 (SKI1) cleavage site ([RK]-X-[hydrophobic]-[LTKF]-|-X).,Peptidase_S8,Subtilase family,[RK].[AILMFV][LTKF].,RRVTE,508,512
DEG_SCF_FBW7_1,SCF ubiquitin ligase binding Phosphodegrons,DEG,The TPxxS phospho-dependent degron binds the FBW7 F box proteins of the SCF (Skp1_Cullin-Fbox) complex.,WD40,"WD domain, G-beta repeat","[LIVMP].{0,2}(T)P..([ST])",VVATPSPS,345,352
DEG_SCF_FBW7_1,SCF ubiquitin ligase binding Phosphodegrons,DEG,The TPxxS phospho-dependent degron binds the FBW7 F box proteins of the SCF (Skp1_Cullin-Fbox) complex.,WD40,"WD domain, G-beta repeat","[LIVMP].{0,2}(T)P..([ST])",VATPSPS,346,352
DEG_SCF_FBW7_1,SCF ubiquitin ligase binding Phosphodegrons,DEG,The TPxxS phospho-dependent degron binds the FBW7 F box proteins of the SCF (Skp1_Cullin-Fbox) complex.,WD40,"WD domain, G-beta repeat","[LIVMP].{0,2}(T)P..([ST])",PTPPAS,442,447
DEG_SPOP_SBC_1,SPOP SBC docking motif,DEG,"The S/T rich motif known as the SPOP-binding consensus (SBC) of the MATH-BTB protein, SPOP, is present in substrates that undergo SPOP/Cul3-dependant ubiquitination.",MATH,MATH domain,[AVP].[ST][ST][ST],VCSST,287,291
DOC_CKS1_1,Cks1 ligand,DOC,Phospho-dependent motif that mediates docking of CDK substrates and regulators to cyclin-CDK-bound Cks1.,CKS,Cyclin-dependent kinase regulatory subunit,[MPVLIFWYQ].(T)P..,PHTPAF,314,319
DOC_CKS1_1,Cks1 ligand,DOC,Phospho-dependent motif that mediates docking of CDK substrates and regulators to cyclin-CDK-bound Cks1.,CKS,Cyclin-dependent kinase regulatory subunit,[MPVLIFWYQ].(T)P..,VATPSP,346,351
DOC_MAPK_gen_1,MAPK docking motifs,DOC,"MAPK interacting molecules (e.g. MAPKKs, substrates, phosphatases) carry docking motif that help to regulate specific interaction in the MAPK cascade. The classic motif approximates (R/K)xxxx#x# where # is a hydrophobic residue.",Pkinase,Protein kinase domain,"[KR]{0,2}[KR].{0,2}[KR].{2,4}[ILVM].[ILVF]",KDRLEVSL,118,125
DOC_MAPK_gen_1,MAPK docking motifs,DOC,"MAPK interacting molecules (e.g. MAPKKs, substrates, phosphatases) carry docking motif that help to regulate specific interaction in the MAPK cascade. The classic motif approximates (R/K)xxxx#x# where # is a hydrophobic residue.",Pkinase,Protein kinase domain,"[KR]{0,2}[KR].{0,2}[KR].{2,4}[ILVM].[ILVF]",KERIDAVLQL,149,158
DOC_MAPK_MEF2A_6,MAPK docking motifs,DOC,A kinase docking motif that mediates interaction towards the ERK1/2 and p38 subfamilies of MAP kinases.,Pkinase,Protein kinase domain,"[RK].{2,4}[LIVMP].[LIV].[LIVMF]",KDRLEVSL,118,125
DOC_MAPK_MEF2A_6,MAPK docking motifs,DOC,A kinase docking motif that mediates interaction towards the ERK1/2 and p38 subfamilies of MAP kinases.,Pkinase,Protein kinase domain,"[RK].{2,4}[LIVMP].[LIV].[LIVMF]",KDMAEIKVLF,212,221
DOC_MAPK_MEF2A_6,MAPK docking motifs,DOC,A kinase docking motif that mediates interaction towards the ERK1/2 and p38 subfamilies of MAP kinases.,Pkinase,Protein kinase domain,"[RK].{2,4}[LIVMP].[LIV].[LIVMF]",KTLPCLCM,259,266
DOC_MAPK_MEF2A_6,MAPK docking motifs,DOC,A kinase docking motif that mediates interaction towards the ERK1/2 and p38 subfamilies of MAP kinases.,Pkinase,Protein kinase domain,"[RK].{2,4}[LIVMP].[LIV].[LIVMF]",RDVTDISLNM,359,368
DOC_MAPK_RevD_3,MAPK docking motifs,DOC,Reverse (C to N direction) of the classical MAPK docking motif ELM:DOC_MAPK_gen_1 with an often extended linker region of the bipartite motif.,Pkinase,Protein kinase domain,"[LIVMPFA].[LIV].{1,2}[LIVMP].{4,6}[LIV]..[RK][RK]",VVLFNPHTPAFVPARK,309,324
DOC_PP1_RVXF_1,PP1-docking motif RVXF,DOC,"Protein phosphatase 1 catalytic subunit (PP1c) interacting motif binds targeting proteins that dock to the substrate for dephosphorylation. The motif defined is [RK]{0,1}[VI][^P][FW].",Metallophos,Calcineurin-like phosphoesterase,"..[RK].{0,1}[VIL][^P][FW].",EIKVLFP,216,222
DOC_PP1_RVXF_1,PP1-docking motif RVXF,DOC,"Protein phosphatase 1 catalytic subunit (PP1c) interacting motif binds targeting proteins that dock to the substrate for dephosphorylation. The motif defined is [RK]{0,1}[VI][^P][FW].",Metallophos,Calcineurin-like phosphoesterase,"..[RK].{0,1}[VIL][^P][FW].",CTKVVLFN,306,313
DOC_PP2A_B56_1,PP2A holoenzyme B56-docking site,DOC,Docking site required for the regulatory subunit B56 of PP2A for protein dephosphorylation.,Armadillo-type fold," This entry represents a structural domain with an armadillo (ARM)-like fold, consisting of a multi-helical fold comprised of two curved layers of alpha helices arranged in a regular right-handed superhelix, where the repeats that make up this structure are arranged about a common axis [ ]. These superhelical structures present an extensive solvent-accessible surface that is well suited to binding large substrates such as proteins and nucleic acids. Domains and repeats with an ARM-like fold have been found in a number of proteins, including:    ARM repeat domain, found in beta-catenins, importins, karyopherin and exportins.  HEAT repeat domain, found in protein phosphatase 2a and initiation factor eIF4G.  PHAT domain, found in the RNA-binding protein Smaug.  Leucine-rich repeat variant, which contain an FeS cluster.  Pumilo repeat domain, found in Pumilo protein.  Regulatory subunit H of V-type ATPases.  PBS lyase HEAT-like repeat.  Mo25 protein.  MIF4G domain-like, found in eukaryotic initiation factor eIF4G, translation initiation factor eIF-2b epsilon and nuclear cap-binding protein CBP80.  The N-terminal domain of eukaryotic translation initiation factor 3 subunit 12.  The C-terminal domain of leukotriene A4 hydrolase.  The helical domain of phosphoinositide 3-kinase.  The N-terminal fragment of adaptin alpha-C and beta subunits.  The proximal leg segment and the linker domain of the clathrin heavy chain.    The sequence similarity among these different repeats or domains is low, however they exhibit considerable structural similarity. Furthermore, the number of repeats present in the superhelical structure can vary between orthologues, indicating that rapid loss/gain of repeats has occurred frequently in evolution. A common phylogenetic origin has been proposed for the armadillo and HEAT repeats [ ]. ",([LMFYWIC]..I.E)|(L..[IVLWC].E).,MEAIRE,240,245
DOC_USP7_MATH_1,USP7 binding motif,DOC,The USP7 MATH domain binding motif variant based on the MDM2 and p53 interactions.,MATH,MATH domain,[PA][^P][^FYWIL]S[^P],PSPST,349,353
DOC_USP7_MATH_2,USP7 binding motif,DOC,The USP7 MATH domain binding motif variant based on the EBV EBNA1 interaction.,MATH,MATH domain,P.E[^P].S[^P],PGEVNSI,523,529
DOC_USP7_UBL2_3,USP7 binding motif,DOC,The USP7 CTD domain binding motif variant based on the ICP0 and DNMT1 interactions,USP7_ICP0_bdg,ICP0-binding domain of Ubiquitin-specific protease 7,K...K,KYKIK,295,299
DOC_USP7_UBL2_3,USP7 binding motif,DOC,The USP7 CTD domain binding motif variant based on the ICP0 and DNMT1 interactions,USP7_ICP0_bdg,ICP0-binding domain of Ubiquitin-specific protease 7,K...K,KNVQK,299,303
DOC_WW_Pin1_4,WW domain ligands,DOC,The Class IV WW domain interaction motif is recognised primarily by the Pin1 phosphorylation-dependent prolyl isomerase.,WW,WW domain,...([ST])P.,PSSSPP,253,258
DOC_WW_Pin1_4,WW domain ligands,DOC,The Class IV WW domain interaction motif is recognised primarily by the Pin1 phosphorylation-dependent prolyl isomerase.,WW,WW domain,...([ST])P.,YAMTPE,267,272
DOC_WW_Pin1_4,WW domain ligands,DOC,The Class IV WW domain interaction motif is recognised primarily by the Pin1 phosphorylation-dependent prolyl isomerase.,WW,WW domain,...([ST])P.,CSSTPL,288,293
DOC_WW_Pin1_4,WW domain ligands,DOC,The Class IV WW domain interaction motif is recognised primarily by the Pin1 phosphorylation-dependent prolyl isomerase.,WW,WW domain,...([ST])P.,NPHTPA,313,318
DOC_WW_Pin1_4,WW domain ligands,DOC,The Class IV WW domain interaction motif is recognised primarily by the Pin1 phosphorylation-dependent prolyl isomerase.,WW,WW domain,...([ST])P.,VVATPS,345,350
DOC_WW_Pin1_4,WW domain ligands,DOC,The Class IV WW domain interaction motif is recognised primarily by the Pin1 phosphorylation-dependent prolyl isomerase.,WW,WW domain,...([ST])P.,ATPSPS,347,352
DOC_WW_Pin1_4,WW domain ligands,DOC,The Class IV WW domain interaction motif is recognised primarily by the Pin1 phosphorylation-dependent prolyl isomerase.,WW,WW domain,...([ST])P.,EEPTPP,440,445
LIG_14-3-3_CanoR_1,14-3-3 binding phosphopeptide motif,LIG,Canonical Arg-containing phospho-motif mediating a strong interaction with 14-3-3 proteins.  ,14-3-3,14-3-3 protein,"R[^DE]{0,2}[^DEPG]([ST])(([FWYLMV].)|([^PRIKGN]P)|([^PRIKGN].{2,4}[VILMFWYP]))",RWPNSFT,40,46
LIG_14-3-3_CanoR_1,14-3-3 binding phosphopeptide motif,LIG,Canonical Arg-containing phospho-motif mediating a strong interaction with 14-3-3 proteins.  ,14-3-3,14-3-3 protein,"R[^DE]{0,2}[^DEPG]([ST])(([FWYLMV].)|([^PRIKGN]P)|([^PRIKGN].{2,4}[VILMFWYP]))",RLTVC,56,60
LIG_14-3-3_CanoR_1,14-3-3 binding phosphopeptide motif,LIG,Canonical Arg-containing phospho-motif mediating a strong interaction with 14-3-3 proteins.  ,14-3-3,14-3-3 protein,"R[^DE]{0,2}[^DEPG]([ST])(([FWYLMV].)|([^PRIKGN]P)|([^PRIKGN].{2,4}[VILMFWYP]))",RKGFSTTKGKL,188,198
LIG_14-3-3_CanoR_1,14-3-3 binding phosphopeptide motif,LIG,Canonical Arg-containing phospho-motif mediating a strong interaction with 14-3-3 proteins.  ,14-3-3,14-3-3 protein,"R[^DE]{0,2}[^DEPG]([ST])(([FWYLMV].)|([^PRIKGN]P)|([^PRIKGN].{2,4}[VILMFWYP]))",RRVTESEPVL,508,517
LIG_14-3-3_CanoR_1,14-3-3 binding phosphopeptide motif,LIG,Canonical Arg-containing phospho-motif mediating a strong interaction with 14-3-3 proteins.  ,14-3-3,14-3-3 protein,"R[^DE]{0,2}[^DEPG]([ST])(([FWYLMV].)|([^PRIKGN]P)|([^PRIKGN].{2,4}[VILMFWYP]))",RVTESEPVL,509,517
LIG_14-3-3_CanoR_1,14-3-3 binding phosphopeptide motif,LIG,Canonical Arg-containing phospho-motif mediating a strong interaction with 14-3-3 proteins.  ,14-3-3,14-3-3 protein,"R[^DE]{0,2}[^DEPG]([ST])(([FWYLMV].)|([^PRIKGN]P)|([^PRIKGN].{2,4}[VILMFWYP]))",RSAVSFP,533,539
LIG_APCC_ABBA_1,APCC activator-binding ABBA motif,LIG,"Amphipathic motif that is involved in APC/C inhibition by binding of CDH1/CDC20. In metazoan cyclin A, the motif also acts as a degron, enabling the cyclin's degradation in prometaphase.",WD40,"WD domain, G-beta repeat",[ILVMF].[ILMVP][FHY].[DE],VWIHPD,177,182
LIG_Arc_Nlobe_1,Arc N-lobe binding ligand,LIG,"Binding motif for the N-lobe part of the C-terminal domain in Arc. The N-lobe domain has structural homology with HIV virus capsid, but the binding appears to be unique to higher vertebrates.","Activity-regulated cytoskeleton-associated protein, C-terminal domain", This entry represents the  C-terminal capsid-like domain of the Activity-regulated cytoskeleton-associated protein (Arc),"[^P][P]G{0,1}[^P][YFH][^P]",APSYR,1,5
LIG_Arc_Nlobe_1,Arc N-lobe binding ligand,LIG,"Binding motif for the N-lobe part of the C-terminal domain in Arc. The N-lobe domain has structural homology with HIV virus capsid, but the binding appears to be unique to higher vertebrates.","Activity-regulated cytoskeleton-associated protein, C-terminal domain", This entry represents the  C-terminal capsid-like domain of the Activity-regulated cytoskeleton-associated protein (Arc),"[^P][P]G{0,1}[^P][YFH][^P]",GPDFR,70,74
LIG_Arc_Nlobe_1,Arc N-lobe binding ligand,LIG,"Binding motif for the N-lobe part of the C-terminal domain in Arc. The N-lobe domain has structural homology with HIV virus capsid, but the binding appears to be unique to higher vertebrates.","Activity-regulated cytoskeleton-associated protein, C-terminal domain", This entry represents the  C-terminal capsid-like domain of the Activity-regulated cytoskeleton-associated protein (Arc),"[^P][P]G{0,1}[^P][YFH][^P]",LPKYK,293,297
LIG_Arc_Nlobe_1,Arc N-lobe binding ligand,LIG,"Binding motif for the N-lobe part of the C-terminal domain in Arc. The N-lobe domain has structural homology with HIV virus capsid, but the binding appears to be unique to higher vertebrates.","Activity-regulated cytoskeleton-associated protein, C-terminal domain", This entry represents the  C-terminal capsid-like domain of the Activity-regulated cytoskeleton-associated protein (Arc),"[^P][P]G{0,1}[^P][YFH][^P]",TPAFV,316,320
LIG_BIR_II_1,IAP-binding motif (IBM),,These IBMs are found in pro-apoptotic proteins and function in the abrogation of caspase inhibition by Inhibitor of Apoptosis Proteins (IAPs) in apoptotic cells. The motif binds specifically to type II BIR domains.,BIR,Inhibitor of Apoptosis domain,"^M{0,1}[AS]...",APSY,1,4
LIG_EH1_1,eh1 motif,LIG,"The engrailed homology domain 1 motif is found in homeodomain containing active repressors and other transcription families, and allows for the recruitment of Groucho/TLE corepressors.",WD40,"WD domain, G-beta repeat",.[FYH].[IVM][^WFYP][^WFYP][ILM][ILMV].,YHAVADLVN,89,97
LIG_FHA_1,FHA phosphopeptide ligands,LIG,Phosphothreonine motif binding a subset of FHA domains that show a preference for a large aliphatic amino acid at the pT+3 position.,FHA,FHA domain,..(T)..[ILV].,TGTARLT,52,58
LIG_FHA_1,FHA phosphopeptide ligands,LIG,Phosphothreonine motif binding a subset of FHA domains that show a preference for a large aliphatic amino acid at the pT+3 position.,FHA,FHA domain,..(T)..[ILV].,CLTTALD,127,133
LIG_FHA_1,FHA phosphopeptide ligands,LIG,Phosphothreonine motif binding a subset of FHA domains that show a preference for a large aliphatic amino acid at the pT+3 position.,FHA,FHA domain,..(T)..[ILV].,QCTKVVL,305,311
LIG_FHA_2,FHA phosphopeptide ligands,LIG,Phosphothreonine motif binding a subset of FHA domains that have a preference for an acidic amino acid at the pT+3 position.,FHA,FHA domain,..(T)..[DE].,YRTKREN,4,10
LIG_FHA_2,FHA phosphopeptide ligands,LIG,Phosphothreonine motif binding a subset of FHA domains that have a preference for an acidic amino acid at the pT+3 position.,FHA,FHA domain,..(T)..[DE].,LTTALDR,128,134
LIG_FHA_2,FHA phosphopeptide ligands,LIG,Phosphothreonine motif binding a subset of FHA domains that have a preference for an acidic amino acid at the pT+3 position.,FHA,FHA domain,..(T)..[DE].,DRTDADV,133,139
LIG_FHA_2,FHA phosphopeptide ligands,LIG,Phosphothreonine motif binding a subset of FHA domains that have a preference for an acidic amino acid at the pT+3 position.,FHA,FHA domain,..(T)..[DE].,DNTSRDV,355,361
LIG_FHA_2,FHA phosphopeptide ligands,LIG,Phosphothreonine motif binding a subset of FHA domains that have a preference for an acidic amino acid at the pT+3 position.,FHA,FHA domain,..(T)..[DE].,RVTESEP,509,515
LIG_G3BP_FGDF_1,G3BP binding motif,LIG,The FGDF motif binds to a hydrophobic binding cleft within the N-terminal NTF2-like domain of the stress granule protein G3BP.,NTF2,Nuclear transport factor 2 (NTF2) domain,[FYLIMV].FG[DES]F,MSFGSF,493,498
LIG_G3BP_FGDF_1,G3BP binding motif,LIG,The FGDF motif binds to a hydrophobic binding cleft within the N-terminal NTF2-like domain of the stress granule protein G3BP.,NTF2,Nuclear transport factor 2 (NTF2) domain,[FYLIMV].FG[DES]F,VLFGSF,516,521
LIG_IRF7_LxLS_2,IRF interaction and dimerisation motifs,LIG,"A binding site for IRF-7 present in the protein itself, in various innate adaptor proteins, and in rotaviral NSP1 which triggers the innate immune responsive pathways.",Interferon regulatory factor-3, This is the interferon-regulatory factor 3 chain of the hetero-dimeric structure which also contains the shorter chain CREB-binding protein,"[VILPFYM].{1,3}L.L(S)",VDESLHLS,451,458
LIG_LIR_Apic_2,Atg8 protein family ligands,LIG,Apicomplexa specific variant of the canonical LIR motif that binds to Atg8 protein family members to mediate processes involved in autophagy.,Atg8,Autophagy protein Atg8 ubiquitin like,"[EDST].{0,2}[WFY]..P",ELVWIHP,175,181
LIG_LIR_Gen_1,Atg8 protein family ligands,LIG,Canonical LIR motif that binds to Atg8/LC3 protein family members to mediate processes involved in autophagy.,Atg8,Autophagy protein Atg8 ubiquitin like,"[EDST].{0,2}[WFY][^RKPGWFY][^PG][ILVFM]((.{0,4}[PLAFIVMY])|($)|(.{0,3}[ED]))",SLFSSFSGSD,375,384
LIG_LIR_Nem_3,Atg8 protein family ligands,LIG,Nematode-specific variant of the canonical LIR motif that binds to Atg8 protein family members to mediate processes involved in autophagy.,Atg8,Autophagy protein Atg8 ubiquitin like,"[EDST].{0,2}[WFY]..[ILVFY]",SLFSSF,375,380
LIG_LIR_Nem_3,Atg8 protein family ligands,LIG,Nematode-specific variant of the canonical LIR motif that binds to Atg8 protein family members to mediate processes involved in autophagy.,Atg8,Autophagy protein Atg8 ubiquitin like,"[EDST].{0,2}[WFY]..[ILVFY]",SFGSF,494,498
LIG_Pex14_1,Pex14 ligand motif,LIG,Wxxx[FY] motifs present in N-terminal half of Pex5 bind to Pex13 and Pex14 at peroxisomal and glycosomal membranes to facilitate entrance of PTS1 cargo proteins into the organellar lumen.,SH3_1,SH3 domain,W...[FY],WPNSF,41,45
LIG_Pex14_1,Pex14 ligand motif,LIG,Wxxx[FY] motifs present in N-terminal half of Pex5 bind to Pex13 and Pex14 at peroxisomal and glycosomal membranes to facilitate entrance of PTS1 cargo proteins into the organellar lumen.,Pex14_N,Peroxisomal membrane anchor protein (Pex14p) conserved region,W...[FY],WPNSF,41,45
LIG_PTAP_UEV_1,UEV Domain binding PTAP motif,LIG,PTAP motif binds the N-terminal UEV domain of Tsg101.,UEV,UEV domain,.P[TS]AP.,QPTAPP,331,336
LIG_SH2_CRK,Phosphotyrosine ligands bound by SH2 domains,LIG,CRK family SH2 domain binding motif.,SH2,SH2 domain,(Y)[^EPILVFYW][^HDEW][PLIV][^DEW],YHAVA,89,93
LIG_SH2_PTP2,Phosphotyrosine ligands bound by SH2 domains,LIG,SH-PTP2 and phospholipase C-gamma Src Homology 2 (SH2) domains binding motif.,SH2,SH2 domain,(Y)[IV].[VILP],YVEV,325,328
LIG_SH2_STAT5,Phosphotyrosine ligands bound by SH2 domains,LIG,STAT5 Src Homology 2 (SH2) domain binding motif.,SH2,SH2 domain,(Y)[VLTFIC]..,YCLD,142,145
LIG_SH2_STAT5,Phosphotyrosine ligands bound by SH2 domains,LIG,STAT5 Src Homology 2 (SH2) domain binding motif.,SH2,SH2 domain,(Y)[VLTFIC]..,YFEG,201,204
LIG_SH2_STAT5,Phosphotyrosine ligands bound by SH2 domains,LIG,STAT5 Src Homology 2 (SH2) domain binding motif.,SH2,SH2 domain,(Y)[VLTFIC]..,YILG,234,237
LIG_SH2_STAT5,Phosphotyrosine ligands bound by SH2 domains,LIG,STAT5 Src Homology 2 (SH2) domain binding motif.,SH2,SH2 domain,(Y)[VLTFIC]..,YVEV,325,328
LIG_SH3_2,SH3 domain ligands,LIG,This is the motif recognized by class II SH3 domains,SH3_1,SH3 domain,P..P.[KR],PIPPPR,421,426
LIG_SH3_2,SH3 domain ligands,LIG,This is the motif recognized by class II SH3 domains,SH3_2,Variant SH3 domain,P..P.[KR],PIPPPR,421,426
LIG_SH3_2,SH3 domain ligands,LIG,This is the motif recognized by class II SH3 domains,SH3_9,Variant SH3 domain,P..P.[KR],PIPPPR,421,426
LIG_SH3_3,SH3 domain ligands,LIG,This is the motif recognized by those SH3 domains with a non-canonical class I recognition specificity,SH3_1,SH3 domain,...[PV]..P,IKSVAIP,101,107
LIG_SH3_3,SH3 domain ligands,LIG,This is the motif recognized by those SH3 domains with a non-canonical class I recognition specificity,SH3_1,SH3 domain,...[PV]..P,EIKVLFP,216,222
LIG_SH3_3,SH3 domain ligands,LIG,This is the motif recognized by those SH3 domains with a non-canonical class I recognition specificity,SH3_1,SH3 domain,...[PV]..P,LFNPHTP,311,317
LIG_SH3_3,SH3 domain ligands,LIG,This is the motif recognized by those SH3 domains with a non-canonical class I recognition specificity,SH3_1,SH3 domain,...[PV]..P,RKYVEVP,323,329
LIG_SH3_3,SH3 domain ligands,LIG,This is the motif recognized by those SH3 domains with a non-canonical class I recognition specificity,SH3_1,SH3 domain,...[PV]..P,VEVPEQP,326,332
LIG_SH3_3,SH3 domain ligands,LIG,This is the motif recognized by those SH3 domains with a non-canonical class I recognition specificity,SH3_1,SH3 domain,...[PV]..P,PEQPTAP,329,335
LIG_SH3_3,SH3 domain ligands,LIG,This is the motif recognized by those SH3 domains with a non-canonical class I recognition specificity,SH3_1,SH3 domain,...[PV]..P,LEVVATP,343,349
LIG_SH3_3,SH3 domain ligands,LIG,This is the motif recognized by those SH3 domains with a non-canonical class I recognition specificity,SH3_1,SH3 domain,...[PV]..P,VHAVQEP,413,419
LIG_SH3_3,SH3 domain ligands,LIG,This is the motif recognized by those SH3 domains with a non-canonical class I recognition specificity,SH3_1,SH3 domain,...[PV]..P,EPAPIPP,418,424
LIG_SH3_3,SH3 domain ligands,LIG,This is the motif recognized by those SH3 domains with a non-canonical class I recognition specificity,SH3_1,SH3 domain,...[PV]..P,QEEPTPP,439,445
LIG_SH3_3,SH3 domain ligands,LIG,This is the motif recognized by those SH3 domains with a non-canonical class I recognition specificity,SH3_1,SH3 domain,...[PV]..P,QAAVQPP,477,483
LIG_SH3_3,SH3 domain ligands,LIG,This is the motif recognized by those SH3 domains with a non-canonical class I recognition specificity,SH3_1,SH3 domain,...[PV]..P,RSAVSFP,533,539
LIG_SH3_CIN85_PxpxPR_1,CIN85 and CD2AP SH3 domain binding motif ,LIG,"The non-canonical SH3-binding motif is recognized primarily by adaptor proteins CIN85 and CD2AP, which are involved in RTK regulation, endocytosis, lysosomal degradation, actin cytoskeleton dynamics regulation, and signal transduction",SH3_9,Variant SH3 domain,P.[AP].PR,PIPPPR,421,426
LIG_SUMO_SIM_anti_2,SUMO interaction site,LIG,Motif for the antiparallel beta augmentation mode of non-covalent binding to SUMO protein.,Rad60-SLD,Ubiquitin-2 like Rad60 SUMO-like,"[DEST]{1,10}.{0,1}[VIL][DESTVILMA][VIL][VILM].[DEST]{0,5}",EEALEVVAT,340,348
LIG_SUMO_SIM_anti_2,SUMO interaction site,LIG,Motif for the antiparallel beta augmentation mode of non-covalent binding to SUMO protein.,Rad60-SLD,Ubiquitin-2 like Rad60 SUMO-like,"[DEST]{1,10}.{0,1}[VIL][DESTVILMA][VIL][VILM].[DEST]{0,5}",EALEVVAT,341,348
LIG_WD40_WDR5_VDV_2,"WDR5 WD40 repeat (blade 5,6)-binding ligand",LIG,"Fungi-specific variant of the WDR5-binding motif that binds to a cleft between blades 5 and 6 of the WD40 repeat domain of WDR5, opposite of the Win motif-binding site, to mediate assembly of histone modification complexes.",IPR017986,WD40-repeat-containing domain,"[EDSTY].{0,4}[VIPLA][TSDEKR][ILVA]",TETGTARL,50,57
LIG_WD40_WDR5_VDV_2,"WDR5 WD40 repeat (blade 5,6)-binding ligand",LIG,"Fungi-specific variant of the WDR5-binding motif that binds to a cleft between blades 5 and 6 of the WD40 repeat domain of WDR5, opposite of the Win motif-binding site, to mediate assembly of histone modification complexes.",IPR017986,WD40-repeat-containing domain,"[EDSTY].{0,4}[VIPLA][TSDEKR][ILVA]",ETGTARL,51,57
LIG_WD40_WDR5_VDV_2,"WDR5 WD40 repeat (blade 5,6)-binding ligand",LIG,"Fungi-specific variant of the WDR5-binding motif that binds to a cleft between blades 5 and 6 of the WD40 repeat domain of WDR5, opposite of the Win motif-binding site, to mediate assembly of histone modification complexes.",IPR017986,WD40-repeat-containing domain,"[EDSTY].{0,4}[VIPLA][TSDEKR][ILVA]",TGTARLTV,52,59
LIG_WD40_WDR5_VDV_2,"WDR5 WD40 repeat (blade 5,6)-binding ligand",LIG,"Fungi-specific variant of the WDR5-binding motif that binds to a cleft between blades 5 and 6 of the WD40 repeat domain of WDR5, opposite of the Win motif-binding site, to mediate assembly of histone modification complexes.",IPR017986,WD40-repeat-containing domain,"[EDSTY].{0,4}[VIPLA][TSDEKR][ILVA]",TARLTV,54,59
LIG_WD40_WDR5_VDV_2,"WDR5 WD40 repeat (blade 5,6)-binding ligand",LIG,"Fungi-specific variant of the WDR5-binding motif that binds to a cleft between blades 5 and 6 of the WD40 repeat domain of WDR5, opposite of the Win motif-binding site, to mediate assembly of histone modification complexes.",IPR017986,WD40-repeat-containing domain,"[EDSTY].{0,4}[VIPLA][TSDEKR][ILVA]",DFRKHPEA,72,79
LIG_WD40_WDR5_VDV_2,"WDR5 WD40 repeat (blade 5,6)-binding ligand",LIG,"Fungi-specific variant of the WDR5-binding motif that binds to a cleft between blades 5 and 6 of the WD40 repeat domain of WDR5, opposite of the Win motif-binding site, to mediate assembly of histone modification complexes.",IPR017986,WD40-repeat-containing domain,"[EDSTY].{0,4}[VIPLA][TSDEKR][ILVA]",EAEALKL,78,84
LIG_WD40_WDR5_VDV_2,"WDR5 WD40 repeat (blade 5,6)-binding ligand",LIG,"Fungi-specific variant of the WDR5-binding motif that binds to a cleft between blades 5 and 6 of the WD40 repeat domain of WDR5, opposite of the Win motif-binding site, to mediate assembly of histone modification complexes.",IPR017986,WD40-repeat-containing domain,"[EDSTY].{0,4}[VIPLA][TSDEKR][ILVA]",EALKL,80,84
LIG_WD40_WDR5_VDV_2,"WDR5 WD40 repeat (blade 5,6)-binding ligand",LIG,"Fungi-specific variant of the WDR5-binding motif that binds to a cleft between blades 5 and 6 of the WD40 repeat domain of WDR5, opposite of the Win motif-binding site, to mediate assembly of histone modification complexes.",IPR017986,WD40-repeat-containing domain,"[EDSTY].{0,4}[VIPLA][TSDEKR][ILVA]",YHAVADL,89,95
LIG_WD40_WDR5_VDV_2,"WDR5 WD40 repeat (blade 5,6)-binding ligand",LIG,"Fungi-specific variant of the WDR5-binding motif that binds to a cleft between blades 5 and 6 of the WD40 repeat domain of WDR5, opposite of the Win motif-binding site, to mediate assembly of histone modification complexes.",IPR017986,WD40-repeat-containing domain,"[EDSTY].{0,4}[VIPLA][TSDEKR][ILVA]",DRLEVSL,119,125
LIG_WD40_WDR5_VDV_2,"WDR5 WD40 repeat (blade 5,6)-binding ligand",LIG,"Fungi-specific variant of the WDR5-binding motif that binds to a cleft between blades 5 and 6 of the WD40 repeat domain of WDR5, opposite of the Win motif-binding site, to mediate assembly of histone modification complexes.",IPR017986,WD40-repeat-containing domain,"[EDSTY].{0,4}[VIPLA][TSDEKR][ILVA]",EVSL,122,125
LIG_WD40_WDR5_VDV_2,"WDR5 WD40 repeat (blade 5,6)-binding ligand",LIG,"Fungi-specific variant of the WDR5-binding motif that binds to a cleft between blades 5 and 6 of the WD40 repeat domain of WDR5, opposite of the Win motif-binding site, to mediate assembly of histone modification complexes.",IPR017986,WD40-repeat-containing domain,"[EDSTY].{0,4}[VIPLA][TSDEKR][ILVA]",DRTDADV,133,139
LIG_WD40_WDR5_VDV_2,"WDR5 WD40 repeat (blade 5,6)-binding ligand",LIG,"Fungi-specific variant of the WDR5-binding motif that binds to a cleft between blades 5 and 6 of the WD40 repeat domain of WDR5, opposite of the Win motif-binding site, to mediate assembly of histone modification complexes.",IPR017986,WD40-repeat-containing domain,"[EDSTY].{0,4}[VIPLA][TSDEKR][ILVA]",TDADVTI,135,141
LIG_WD40_WDR5_VDV_2,"WDR5 WD40 repeat (blade 5,6)-binding ligand",LIG,"Fungi-specific variant of the WDR5-binding motif that binds to a cleft between blades 5 and 6 of the WD40 repeat domain of WDR5, opposite of the Win motif-binding site, to mediate assembly of histone modification complexes.",IPR017986,WD40-repeat-containing domain,"[EDSTY].{0,4}[VIPLA][TSDEKR][ILVA]",DADVTI,136,141
LIG_WD40_WDR5_VDV_2,"WDR5 WD40 repeat (blade 5,6)-binding ligand",LIG,"Fungi-specific variant of the WDR5-binding motif that binds to a cleft between blades 5 and 6 of the WD40 repeat domain of WDR5, opposite of the Win motif-binding site, to mediate assembly of histone modification complexes.",IPR017986,WD40-repeat-containing domain,"[EDSTY].{0,4}[VIPLA][TSDEKR][ILVA]",DVTI,138,141
LIG_WD40_WDR5_VDV_2,"WDR5 WD40 repeat (blade 5,6)-binding ligand",LIG,"Fungi-specific variant of the WDR5-binding motif that binds to a cleft between blades 5 and 6 of the WD40 repeat domain of WDR5, opposite of the Win motif-binding site, to mediate assembly of histone modification complexes.",IPR017986,WD40-repeat-containing domain,"[EDSTY].{0,4}[VIPLA][TSDEKR][ILVA]",ERIDA,150,154
LIG_WD40_WDR5_VDV_2,"WDR5 WD40 repeat (blade 5,6)-binding ligand",LIG,"Fungi-specific variant of the WDR5-binding motif that binds to a cleft between blades 5 and 6 of the WD40 repeat domain of WDR5, opposite of the Win motif-binding site, to mediate assembly of histone modification complexes.",IPR017986,WD40-repeat-containing domain,"[EDSTY].{0,4}[VIPLA][TSDEKR][ILVA]",DMAEIKV,213,219
LIG_WD40_WDR5_VDV_2,"WDR5 WD40 repeat (blade 5,6)-binding ligand",LIG,"Fungi-specific variant of the WDR5-binding motif that binds to a cleft between blades 5 and 6 of the WD40 repeat domain of WDR5, opposite of the Win motif-binding site, to mediate assembly of histone modification complexes.",IPR017986,WD40-repeat-containing domain,"[EDSTY].{0,4}[VIPLA][TSDEKR][ILVA]",EIKV,216,219
LIG_WD40_WDR5_VDV_2,"WDR5 WD40 repeat (blade 5,6)-binding ligand",LIG,"Fungi-specific variant of the WDR5-binding motif that binds to a cleft between blades 5 and 6 of the WD40 repeat domain of WDR5, opposite of the Win motif-binding site, to mediate assembly of histone modification complexes.",IPR017986,WD40-repeat-containing domain,"[EDSTY].{0,4}[VIPLA][TSDEKR][ILVA]",EVTV,284,287
LIG_WD40_WDR5_VDV_2,"WDR5 WD40 repeat (blade 5,6)-binding ligand",LIG,"Fungi-specific variant of the WDR5-binding motif that binds to a cleft between blades 5 and 6 of the WD40 repeat domain of WDR5, opposite of the Win motif-binding site, to mediate assembly of histone modification complexes.",IPR017986,WD40-repeat-containing domain,"[EDSTY].{0,4}[VIPLA][TSDEKR][ILVA]",YVEV,325,328
LIG_WD40_WDR5_VDV_2,"WDR5 WD40 repeat (blade 5,6)-binding ligand",LIG,"Fungi-specific variant of the WDR5-binding motif that binds to a cleft between blades 5 and 6 of the WD40 repeat domain of WDR5, opposite of the Win motif-binding site, to mediate assembly of histone modification complexes.",IPR017986,WD40-repeat-containing domain,"[EDSTY].{0,4}[VIPLA][TSDEKR][ILVA]",EVPEQPTA,327,334
LIG_WD40_WDR5_VDV_2,"WDR5 WD40 repeat (blade 5,6)-binding ligand",LIG,"Fungi-specific variant of the WDR5-binding motif that binds to a cleft between blades 5 and 6 of the WD40 repeat domain of WDR5, opposite of the Win motif-binding site, to mediate assembly of histone modification complexes.",IPR017986,WD40-repeat-containing domain,"[EDSTY].{0,4}[VIPLA][TSDEKR][ILVA]",EQPTA,330,334
LIG_WD40_WDR5_VDV_2,"WDR5 WD40 repeat (blade 5,6)-binding ligand",LIG,"Fungi-specific variant of the WDR5-binding motif that binds to a cleft between blades 5 and 6 of the WD40 repeat domain of WDR5, opposite of the Win motif-binding site, to mediate assembly of histone modification complexes.",IPR017986,WD40-repeat-containing domain,"[EDSTY].{0,4}[VIPLA][TSDEKR][ILVA]",EEALEV,340,345
LIG_WD40_WDR5_VDV_2,"WDR5 WD40 repeat (blade 5,6)-binding ligand",LIG,"Fungi-specific variant of the WDR5-binding motif that binds to a cleft between blades 5 and 6 of the WD40 repeat domain of WDR5, opposite of the Win motif-binding site, to mediate assembly of histone modification complexes.",IPR017986,WD40-repeat-containing domain,"[EDSTY].{0,4}[VIPLA][TSDEKR][ILVA]",EALEV,341,345
LIG_WD40_WDR5_VDV_2,"WDR5 WD40 repeat (blade 5,6)-binding ligand",LIG,"Fungi-specific variant of the WDR5-binding motif that binds to a cleft between blades 5 and 6 of the WD40 repeat domain of WDR5, opposite of the Win motif-binding site, to mediate assembly of histone modification complexes.",IPR017986,WD40-repeat-containing domain,"[EDSTY].{0,4}[VIPLA][TSDEKR][ILVA]",DVTDISL,360,366
LIG_WD40_WDR5_VDV_2,"WDR5 WD40 repeat (blade 5,6)-binding ligand",LIG,"Fungi-specific variant of the WDR5-binding motif that binds to a cleft between blades 5 and 6 of the WD40 repeat domain of WDR5, opposite of the Win motif-binding site, to mediate assembly of histone modification complexes.",IPR017986,WD40-repeat-containing domain,"[EDSTY].{0,4}[VIPLA][TSDEKR][ILVA]",TDISL,362,366
LIG_WD40_WDR5_VDV_2,"WDR5 WD40 repeat (blade 5,6)-binding ligand",LIG,"Fungi-specific variant of the WDR5-binding motif that binds to a cleft between blades 5 and 6 of the WD40 repeat domain of WDR5, opposite of the Win motif-binding site, to mediate assembly of histone modification complexes.",IPR017986,WD40-repeat-containing domain,"[EDSTY].{0,4}[VIPLA][TSDEKR][ILVA]",DISL,363,366
LIG_WD40_WDR5_VDV_2,"WDR5 WD40 repeat (blade 5,6)-binding ligand",LIG,"Fungi-specific variant of the WDR5-binding motif that binds to a cleft between blades 5 and 6 of the WD40 repeat domain of WDR5, opposite of the Win motif-binding site, to mediate assembly of histone modification complexes.",IPR017986,WD40-repeat-containing domain,"[EDSTY].{0,4}[VIPLA][TSDEKR][ILVA]",EPTPPASI,441,448
LIG_WD40_WDR5_VDV_2,"WDR5 WD40 repeat (blade 5,6)-binding ligand",LIG,"Fungi-specific variant of the WDR5-binding motif that binds to a cleft between blades 5 and 6 of the WD40 repeat domain of WDR5, opposite of the Win motif-binding site, to mediate assembly of histone modification complexes.",IPR017986,WD40-repeat-containing domain,"[EDSTY].{0,4}[VIPLA][TSDEKR][ILVA]",TPPASI,443,448
LIG_WD40_WDR5_VDV_2,"WDR5 WD40 repeat (blade 5,6)-binding ligand",LIG,"Fungi-specific variant of the WDR5-binding motif that binds to a cleft between blades 5 and 6 of the WD40 repeat domain of WDR5, opposite of the Win motif-binding site, to mediate assembly of histone modification complexes.",IPR017986,WD40-repeat-containing domain,"[EDSTY].{0,4}[VIPLA][TSDEKR][ILVA]",DESLHLSL,452,459
LIG_WD40_WDR5_VDV_2,"WDR5 WD40 repeat (blade 5,6)-binding ligand",LIG,"Fungi-specific variant of the WDR5-binding motif that binds to a cleft between blades 5 and 6 of the WD40 repeat domain of WDR5, opposite of the Win motif-binding site, to mediate assembly of histone modification complexes.",IPR017986,WD40-repeat-containing domain,"[EDSTY].{0,4}[VIPLA][TSDEKR][ILVA]",ESLHLSL,453,459
LIG_WD40_WDR5_VDV_2,"WDR5 WD40 repeat (blade 5,6)-binding ligand",LIG,"Fungi-specific variant of the WDR5-binding motif that binds to a cleft between blades 5 and 6 of the WD40 repeat domain of WDR5, opposite of the Win motif-binding site, to mediate assembly of histone modification complexes.",IPR017986,WD40-repeat-containing domain,"[EDSTY].{0,4}[VIPLA][TSDEKR][ILVA]",SLHLSL,454,459
LIG_WRC_WIRS_1,WAVE regulatory complex (WRC) binding site motif,LIG,WRC interacting receptor sequence (WIRS) is a highly conserved and widespread interaction motif that is employed by diverse membrane proteins to recruit the WRC to initiate the dynamic rearrangements of the actin cytoskeleton.,Abi_HHR,Abl-interactor HHR,[FYILMV].[TS]F(G|[^P]).,FSSFSG,377,382
LIG_WRC_WIRS_1,WAVE regulatory complex (WRC) binding site motif,LIG,WRC interacting receptor sequence (WIRS) is a highly conserved and widespread interaction motif that is employed by diverse membrane proteins to recruit the WRC to initiate the dynamic rearrangements of the actin cytoskeleton.,FragX_IP,Cytoplasmic Fragile-X interacting family,[FYILMV].[TS]F(G|[^P]).,FSSFSG,377,382
LIG_WRC_WIRS_1,WAVE regulatory complex (WRC) binding site motif,LIG,WRC interacting receptor sequence (WIRS) is a highly conserved and widespread interaction motif that is employed by diverse membrane proteins to recruit the WRC to initiate the dynamic rearrangements of the actin cytoskeleton.,Abi_HHR,Abl-interactor HHR,[FYILMV].[TS]F(G|[^P]).,FGSFSD,495,500
LIG_WRC_WIRS_1,WAVE regulatory complex (WRC) binding site motif,LIG,WRC interacting receptor sequence (WIRS) is a highly conserved and widespread interaction motif that is employed by diverse membrane proteins to recruit the WRC to initiate the dynamic rearrangements of the actin cytoskeleton.,FragX_IP,Cytoplasmic Fragile-X interacting family,[FYILMV].[TS]F(G|[^P]).,FGSFSD,495,500
LIG_WRC_WIRS_1,WAVE regulatory complex (WRC) binding site motif,LIG,WRC interacting receptor sequence (WIRS) is a highly conserved and widespread interaction motif that is employed by diverse membrane proteins to recruit the WRC to initiate the dynamic rearrangements of the actin cytoskeleton.,Abi_HHR,Abl-interactor HHR,[FYILMV].[TS]F(G|[^P]).,FGSFEP,518,523
LIG_WRC_WIRS_1,WAVE regulatory complex (WRC) binding site motif,LIG,WRC interacting receptor sequence (WIRS) is a highly conserved and widespread interaction motif that is employed by diverse membrane proteins to recruit the WRC to initiate the dynamic rearrangements of the actin cytoskeleton.,FragX_IP,Cytoplasmic Fragile-X interacting family,[FYILMV].[TS]F(G|[^P]).,FGSFEP,518,523
LIG_WW_3,WW domain ligands,LIG,WW domain of group III binding motif,WW,WW domain,.PPR.,PPPRL,423,427
LIG_WW_3,WW domain ligands,LIG,WW domain of group III binding motif,WW,WW domain,.PPR.,FPPRK,538,542
MOD_CDC14_SPxK_1,Cdc14 phosphatase dephosphorylation site,MOD,"A subset of Cdk phosphorylation sites conform to the (S)PxK/r pattern that serves as an optimal Cdc14 dephosphorylation site, allowing high catalytic efficiency.",DSPc,"Dual specificity phosphatase, catalytic domain",(S)P.[KR],SPPK,256,259
MOD_CDK_SPxK_1,CDK Phosphorylation Site,MOD,Canonical version of the CDK phosphorylation site which shows specificity towards a lysine/arginine residue at the [ST]+3 position.,Pkinase,Protein kinase domain,...([ST])P.[KR],PSSSPPK,253,259
MOD_CDK_SPxK_1,CDK Phosphorylation Site,MOD,Canonical version of the CDK phosphorylation site which shows specificity towards a lysine/arginine residue at the [ST]+3 position.,Pkinase,Protein kinase domain,...([ST])P.[KR],YAMTPER,267,273
MOD_CDK_SPxxK_3,CDK Phosphorylation Site,MOD,Longer version of the CDK phosphorylation site which shows specificity towards a lysine/arginine residue at position +4 after the phospho-Ser/Thr,Pkinase,Protein kinase domain,...([ST])P..[RK],CSSTPLPK,288,295
MOD_CK1_1,Casein kinase 1 (CK1) Phosphorylation site,MOD,CK1 phosphorylation site,Pkinase,Protein kinase domain,S..([ST])...,SYRTKRE,3,9
MOD_CK1_1,Casein kinase 1 (CK1) Phosphorylation site,MOD,CK1 phosphorylation site,Pkinase,Protein kinase domain,S..([ST])...,SPSTADN,350,356
MOD_CK1_1,Casein kinase 1 (CK1) Phosphorylation site,MOD,CK1 phosphorylation site,Pkinase,Protein kinase domain,S..([ST])...,SEGSLFS,372,378
MOD_CK1_1,Casein kinase 1 (CK1) Phosphorylation site,MOD,CK1 phosphorylation site,Pkinase,Protein kinase domain,S..([ST])...,SLFSSFS,375,381
MOD_CK1_1,Casein kinase 1 (CK1) Phosphorylation site,MOD,CK1 phosphorylation site,Pkinase,Protein kinase domain,S..([ST])...,SSFSGSD,378,384
MOD_CK1_1,Casein kinase 1 (CK1) Phosphorylation site,MOD,CK1 phosphorylation site,Pkinase,Protein kinase domain,S..([ST])...,SISSVDE,447,453
MOD_CK1_1,Casein kinase 1 (CK1) Phosphorylation site,MOD,CK1 phosphorylation site,Pkinase,Protein kinase domain,S..([ST])...,SLGSIFD,465,471
MOD_CK1_1,Casein kinase 1 (CK1) Phosphorylation site,MOD,CK1 phosphorylation site,Pkinase,Protein kinase domain,S..([ST])...,SFGSFSD,494,500
MOD_CK1_1,Casein kinase 1 (CK1) Phosphorylation site,MOD,CK1 phosphorylation site,Pkinase,Protein kinase domain,S..([ST])...,SIISSRS,528,534
MOD_CK1_1,Casein kinase 1 (CK1) Phosphorylation site,MOD,CK1 phosphorylation site,Pkinase,Protein kinase domain,S..([ST])...,SSRSAVS,531,537
MOD_CK1_1,Casein kinase 1 (CK1) Phosphorylation site,MOD,CK1 phosphorylation site,Pkinase,Protein kinase domain,S..([ST])...,SAVSFPP,534,540
MOD_CK1_1,Casein kinase 1 (CK1) Phosphorylation site,MOD,CK1 phosphorylation site,Pkinase,Protein kinase domain,S..([ST])...,SRRTEY*,549,555
MOD_CK2_1,Casein kinase 2 (CK2) Phosphorylation site,MOD,Casein kinase 2 (CK2) phosphorylation site,Pkinase,Protein kinase domain,...([ST])..E,SYRTKRE,3,9
MOD_CK2_1,Casein kinase 2 (CK2) Phosphorylation site,MOD,Casein kinase 2 (CK2) phosphorylation site,Pkinase,Protein kinase domain,...([ST])..E,FTDSATE,45,51
MOD_CK2_1,Casein kinase 2 (CK2) Phosphorylation site,MOD,Casein kinase 2 (CK2) phosphorylation site,Pkinase,Protein kinase domain,...([ST])..E,LKESVTE,158,164
MOD_CK2_1,Casein kinase 2 (CK2) Phosphorylation site,MOD,Casein kinase 2 (CK2) phosphorylation site,Pkinase,Protein kinase domain,...([ST])..E,KLYSYFE,197,203
MOD_CK2_1,Casein kinase 2 (CK2) Phosphorylation site,MOD,Casein kinase 2 (CK2) phosphorylation site,Pkinase,Protein kinase domain,...([ST])..E,SISSVDE,447,453
MOD_CK2_1,Casein kinase 2 (CK2) Phosphorylation site,MOD,Casein kinase 2 (CK2) phosphorylation site,Pkinase,Protein kinase domain,...([ST])..E,GSFSDGE,496,502
MOD_CK2_1,Casein kinase 2 (CK2) Phosphorylation site,MOD,Casein kinase 2 (CK2) phosphorylation site,Pkinase,Protein kinase domain,...([ST])..E,RRVTESE,508,514
MOD_Cter_Amidation,Peptide Amidation Site,,Peptide C-terminal amidation,Cu2_monooxygen,"Copper type II ascorbate-dependent monooxygenase, N-terminal domain",(.)G[RK][RK],QGKK,61,64
MOD_Cter_Amidation,Peptide Amidation Site,,Peptide C-terminal amidation,Cu2_monooxygen,"Copper type II ascorbate-dependent monooxygenase, N-terminal domain",(.)G[RK][RK],KGRK,186,189
MOD_GlcNHglycan,Glycosaminoglycan attachment site,MOD,Glycosaminoglycan attachment site,Branch,Core-2/I-Branching enzyme,"[ED]{0,3}.(S)[GA].",DSAT,47,50
MOD_GlcNHglycan,Glycosaminoglycan attachment site,MOD,Glycosaminoglycan attachment site,PNP_UDP_1,Phosphorylase superfamily,"[ED]{0,3}.(S)[GA].",DSAT,47,50
MOD_GlcNHglycan,Glycosaminoglycan attachment site,MOD,Glycosaminoglycan attachment site,Branch,Core-2/I-Branching enzyme,"[ED]{0,3}.(S)[GA].",FSGS,380,383
MOD_GlcNHglycan,Glycosaminoglycan attachment site,MOD,Glycosaminoglycan attachment site,PNP_UDP_1,Phosphorylase superfamily,"[ED]{0,3}.(S)[GA].",FSGS,380,383
MOD_GlcNHglycan,Glycosaminoglycan attachment site,MOD,Glycosaminoglycan attachment site,Branch,Core-2/I-Branching enzyme,"[ED]{0,3}.(S)[GA].",RSAV,533,536
MOD_GlcNHglycan,Glycosaminoglycan attachment site,MOD,Glycosaminoglycan attachment site,PNP_UDP_1,Phosphorylase superfamily,"[ED]{0,3}.(S)[GA].",RSAV,533,536
MOD_GSK3_1,GSK3 phosphorylation site,MOD,GSK3 phosphorylation recognition site,Pkinase,Protein kinase domain,...([ST])...[ST],WPNSFTDS,41,48
MOD_GSK3_1,GSK3 phosphorylation site,MOD,GSK3 phosphorylation recognition site,Pkinase,Protein kinase domain,...([ST])...[ST],NSFTDSAT,43,50
MOD_GSK3_1,GSK3 phosphorylation site,MOD,GSK3 phosphorylation recognition site,Pkinase,Protein kinase domain,...([ST])...[ST],FTDSATET,45,52
MOD_GSK3_1,GSK3 phosphorylation site,MOD,GSK3 phosphorylation recognition site,Pkinase,Protein kinase domain,...([ST])...[ST],DSATETGT,47,54
MOD_GSK3_1,GSK3 phosphorylation site,MOD,GSK3 phosphorylation recognition site,Pkinase,Protein kinase domain,...([ST])...[ST],ETGTARLT,51,58
MOD_GSK3_1,GSK3 phosphorylation site,MOD,GSK3 phosphorylation recognition site,Pkinase,Protein kinase domain,...([ST])...[ST],PSSSPPKT,253,260
MOD_GSK3_1,GSK3 phosphorylation site,MOD,GSK3 phosphorylation recognition site,Pkinase,Protein kinase domain,...([ST])...[ST],KEVTVCSS,283,290
MOD_GSK3_1,GSK3 phosphorylation site,MOD,GSK3 phosphorylation recognition site,Pkinase,Protein kinase domain,...([ST])...[ST],VVATPSPS,345,352
MOD_GSK3_1,GSK3 phosphorylation site,MOD,GSK3 phosphorylation recognition site,Pkinase,Protein kinase domain,...([ST])...[ST],SPSTADNT,350,357
MOD_GSK3_1,GSK3 phosphorylation site,MOD,GSK3 phosphorylation recognition site,Pkinase,Protein kinase domain,...([ST])...[ST],DNTSRDVT,355,362
MOD_GSK3_1,GSK3 phosphorylation site,MOD,GSK3 phosphorylation recognition site,Pkinase,Protein kinase domain,...([ST])...[ST],MDDSSEGS,368,375
MOD_GSK3_1,GSK3 phosphorylation site,MOD,GSK3 phosphorylation recognition site,Pkinase,Protein kinase domain,...([ST])...[ST],SEGSLFSS,372,379
MOD_GSK3_1,GSK3 phosphorylation site,MOD,GSK3 phosphorylation recognition site,Pkinase,Protein kinase domain,...([ST])...[ST],LFSSFSGS,376,383
MOD_GSK3_1,GSK3 phosphorylation site,MOD,GSK3 phosphorylation recognition site,Pkinase,Protein kinase domain,...([ST])...[ST],EEPTPPAS,440,447
MOD_GSK3_1,GSK3 phosphorylation site,MOD,GSK3 phosphorylation recognition site,Pkinase,Protein kinase domain,...([ST])...[ST],SISSVDES,447,454
MOD_GSK3_1,GSK3 phosphorylation site,MOD,GSK3 phosphorylation recognition site,Pkinase,Protein kinase domain,...([ST])...[ST],VDESLHLS,451,458
MOD_GSK3_1,GSK3 phosphorylation site,MOD,GSK3 phosphorylation recognition site,Pkinase,Protein kinase domain,...([ST])...[ST],PPVSTGPT,482,489
MOD_GSK3_1,GSK3 phosphorylation site,MOD,GSK3 phosphorylation recognition site,Pkinase,Protein kinase domain,...([ST])...[ST],EELSRRVT,504,511
MOD_GSK3_1,GSK3 phosphorylation site,MOD,GSK3 phosphorylation recognition site,Pkinase,Protein kinase domain,...([ST])...[ST],EVNSIISS,525,532
MOD_N-GLC_1,N-glycosylation site,MOD,"Generic motif for N-glycosylation. It was shown that Trp, Asp, and Glu are uncommon before the Ser/Thr position. Efficient glycosylation usually occurs when ~60 residues or more separate the glycosylation acceptor site from the C-terminus.",STT3,Oligosaccharyl transferase STT3 subunit,.(N)[^P][ST]..,DNTSRD,355,360
MOD_PKA_1,PKA Phosphorylation site,MOD,Main preference for PKA-type AGC kinase phosphorylation.,Pkinase,Protein kinase domain,[RK][RK].([ST])[^P]..,RRVTESE,508,514
MOD_PKA_1,PKA Phosphorylation site,MOD,Main preference for PKA-type AGC kinase phosphorylation.,Pkinase,Protein kinase domain,[RK][RK].([ST])[^P]..,RRRSRRT,546,552
MOD_PKA_2,PKA Phosphorylation site,MOD,Secondary preference for PKA-type AGC kinase phosphorylation.,Pkinase,Protein kinase domain,.R.([ST])[^P]..,ARLTVCQ,55,61
MOD_PKA_2,PKA Phosphorylation site,MOD,Secondary preference for PKA-type AGC kinase phosphorylation.,Pkinase,Protein kinase domain,.R.([ST])[^P]..,RRVTESE,508,514
MOD_PKA_2,PKA Phosphorylation site,MOD,Secondary preference for PKA-type AGC kinase phosphorylation.,Pkinase,Protein kinase domain,.R.([ST])[^P]..,RRRSRRT,546,552
MOD_PKA_2,PKA Phosphorylation site,MOD,Secondary preference for PKA-type AGC kinase phosphorylation.,Pkinase,Protein kinase domain,.R.([ST])[^P]..,SRRTEY*,549,555
MOD_PKB_1,PKB Phosphorylation site,MOD,PKB Phosphorylation site,Pkinase,Protein kinase domain,R.R..([ST])[^P]..,RRRRRSRRT,544,552
MOD_Plk_1,Polo-like kinase phosphosites,MOD,Ser/Thr residue phosphorylated by the Plk1 kinase,Pkinase,Protein kinase domain,.[DNE][^PG][ST](([FYILMVW]..)|([^PEDGKN][FWYLIVM]).),LEVSLNC,121,127
MOD_Plk_1,Polo-like kinase phosphosites,MOD,Ser/Thr residue phosphorylated by the Plk1 kinase,Pkinase,Protein kinase domain,.[DNE][^PG][ST](([FYILMVW]..)|([^PEDGKN][FWYLIVM]).),ADVTIYC,137,143
MOD_Plk_1,Polo-like kinase phosphosites,MOD,Ser/Thr residue phosphorylated by the Plk1 kinase,Pkinase,Protein kinase domain,.[DNE][^PG][ST](([FYILMVW]..)|([^PEDGKN][FWYLIVM]).),KEVTVCS,283,289
MOD_Plk_1,Polo-like kinase phosphosites,MOD,Ser/Thr residue phosphorylated by the Plk1 kinase,Pkinase,Protein kinase domain,.[DNE][^PG][ST](([FYILMVW]..)|([^PEDGKN][FWYLIVM]).),TDISLNM,362,368
MOD_Plk_1,Polo-like kinase phosphosites,MOD,Ser/Thr residue phosphorylated by the Plk1 kinase,Pkinase,Protein kinase domain,.[DNE][^PG][ST](([FYILMVW]..)|([^PEDGKN][FWYLIVM]).),VDESLHL,451,457
MOD_Plk_4,Polo-like kinase phosphosites,MOD,Ser/Thr residue phosphorylated by Plk4,Pkinase,Protein kinase domain,..[^IRFW]([ST])[ILMVFWY][ILMVFWY].,ADVTIYC,137,143
MOD_Plk_4,Polo-like kinase phosphosites,MOD,Ser/Thr residue phosphorylated by Plk4,Pkinase,Protein kinase domain,..[^IRFW]([ST])[ILMVFWY][ILMVFWY].,KLYSYFE,197,203
MOD_Plk_4,Polo-like kinase phosphosites,MOD,Ser/Thr residue phosphorylated by Plk4,Pkinase,Protein kinase domain,..[^IRFW]([ST])[ILMVFWY][ILMVFWY].,SEGSLFS,372,378
MOD_Plk_4,Polo-like kinase phosphosites,MOD,Ser/Thr residue phosphorylated by Plk4,Pkinase,Protein kinase domain,..[^IRFW]([ST])[ILMVFWY][ILMVFWY].,SLGSIFD,465,471
MOD_Plk_4,Polo-like kinase phosphosites,MOD,Ser/Thr residue phosphorylated by Plk4,Pkinase,Protein kinase domain,..[^IRFW]([ST])[ILMVFWY][ILMVFWY].,EVNSIIS,525,531
MOD_ProDKin_1,MAPK Phosphorylation Site,MOD,Proline-Directed Kinase (e.g. MAPK) phosphorylation site in higher eukaryotes.,Pkinase,Protein kinase domain,...([ST])P..,PSSSPPK,253,259
MOD_ProDKin_1,MAPK Phosphorylation Site,MOD,Proline-Directed Kinase (e.g. MAPK) phosphorylation site in higher eukaryotes.,Pkinase,Protein kinase domain,...([ST])P..,YAMTPER,267,273
MOD_ProDKin_1,MAPK Phosphorylation Site,MOD,Proline-Directed Kinase (e.g. MAPK) phosphorylation site in higher eukaryotes.,Pkinase,Protein kinase domain,...([ST])P..,CSSTPLP,288,294
MOD_ProDKin_1,MAPK Phosphorylation Site,MOD,Proline-Directed Kinase (e.g. MAPK) phosphorylation site in higher eukaryotes.,Pkinase,Protein kinase domain,...([ST])P..,NPHTPAF,313,319
MOD_ProDKin_1,MAPK Phosphorylation Site,MOD,Proline-Directed Kinase (e.g. MAPK) phosphorylation site in higher eukaryotes.,Pkinase,Protein kinase domain,...([ST])P..,VVATPSP,345,351
MOD_ProDKin_1,MAPK Phosphorylation Site,MOD,Proline-Directed Kinase (e.g. MAPK) phosphorylation site in higher eukaryotes.,Pkinase,Protein kinase domain,...([ST])P..,ATPSPST,347,353
MOD_ProDKin_1,MAPK Phosphorylation Site,MOD,Proline-Directed Kinase (e.g. MAPK) phosphorylation site in higher eukaryotes.,Pkinase,Protein kinase domain,...([ST])P..,EEPTPPA,440,446
MOD_SUMO_for_1,Sumoylation site,MOD,Motif recognised for modification by SUMO-1,UQ_con,Ubiquitin-conjugating enzyme,[VILMAFP](K).E,LKDE,165,168
MOD_SUMO_rev_2,Sumoylation site,MOD,Inverted version of SUMOylation motif recognized for modification by SUMO-1,UQ_con,Ubiquitin-conjugating enzyme,"[SDE].{0,5}[DE].(K).{0,1}[AIFLMPSTV]",DMAEIKVL,213,220
TRG_DiLeu_BaEn_1,Adaptin binding Endosome-Lysosome-Basolateral sorting signals,TRG,Classical adaptin sigma subunit-binding acidic dileucine motifs sorting in Endosomal-Basolateral trafficking.,Clat_adaptor_s,Clathrin adaptor complex small chain,E..[^P]L[LIVM],EALKLL,80,85
TRG_DiLeu_BaLyEn_6,Adaptin binding Endosome-Lysosome-Basolateral sorting signals,TRG,Dileucine motifs lacking Glu+1 with Pro-Arg preference at +4 sorting in Endosomal-Basolateral-Lysosomal trafficking.,Clat_adaptor_s,Clathrin adaptor complex small chain,[^E]..[RP]L[LI],VAIPLL,104,109
TRG_ENDOCYTIC_2,Y-based sorting signal,TRG,Tyrosine-based sorting signal responsible for the interaction with mu subunit of AP (Adaptor Protein) complex,Adap_comp_sub,Adaptor complexes medium subunit family,Y..[LMVIF],YHAV,89,92
TRG_ENDOCYTIC_2,Y-based sorting signal,TRG,Tyrosine-based sorting signal responsible for the interaction with mu subunit of AP (Adaptor Protein) complex,Adap_comp_sub,Adaptor complexes medium subunit family,Y..[LMVIF],YSYF,199,202
TRG_ENDOCYTIC_2,Y-based sorting signal,TRG,Tyrosine-based sorting signal responsible for the interaction with mu subunit of AP (Adaptor Protein) complex,Adap_comp_sub,Adaptor complexes medium subunit family,Y..[LMVIF],YVEV,325,328
TRG_ER_diArg_1,di Arginine retention/retrieving signal,TRG,The di-Arg ER retention motif is defined by two consecutive arginine residues (RR) or with a single residue insertion (RXR). The motif is completed by an adjacent hydrophobic/arginine residue which may be on either side of the Arg pair.,WD40,"WD domain, G-beta repeat","([LIVMFYWPR]R[^YFWDE]{0,1}R)|(R[^YFWDE]{0,1}R[LIVMFYWPR])",RRV,508,510
TRG_ER_diArg_1,di Arginine retention/retrieving signal,TRG,The di-Arg ER retention motif is defined by two consecutive arginine residues (RR) or with a single residue insertion (RXR). The motif is completed by an adjacent hydrophobic/arginine residue which may be on either side of the Arg pair.,WD40,"WD domain, G-beta repeat","([LIVMFYWPR]R[^YFWDE]{0,1}R)|(R[^YFWDE]{0,1}R[LIVMFYWPR])",RRRR,544,547
TRG_ER_diArg_1,di Arginine retention/retrieving signal,TRG,The di-Arg ER retention motif is defined by two consecutive arginine residues (RR) or with a single residue insertion (RXR). The motif is completed by an adjacent hydrophobic/arginine residue which may be on either side of the Arg pair.,WD40,"WD domain, G-beta repeat","([LIVMFYWPR]R[^YFWDE]{0,1}R)|(R[^YFWDE]{0,1}R[LIVMFYWPR])",RRRR,545,548
TRG_ER_diArg_1,di Arginine retention/retrieving signal,TRG,The di-Arg ER retention motif is defined by two consecutive arginine residues (RR) or with a single residue insertion (RXR). The motif is completed by an adjacent hydrophobic/arginine residue which may be on either side of the Arg pair.,WD40,"WD domain, G-beta repeat","([LIVMFYWPR]R[^YFWDE]{0,1}R)|(R[^YFWDE]{0,1}R[LIVMFYWPR])",RRR,546,548
TRG_ER_diArg_1,di Arginine retention/retrieving signal,TRG,The di-Arg ER retention motif is defined by two consecutive arginine residues (RR) or with a single residue insertion (RXR). The motif is completed by an adjacent hydrophobic/arginine residue which may be on either side of the Arg pair.,WD40,"WD domain, G-beta repeat","([LIVMFYWPR]R[^YFWDE]{0,1}R)|(R[^YFWDE]{0,1}R[LIVMFYWPR])",RRSR,547,550
TRG_ER_diArg_1,di Arginine retention/retrieving signal,TRG,The di-Arg ER retention motif is defined by two consecutive arginine residues (RR) or with a single residue insertion (RXR). The motif is completed by an adjacent hydrophobic/arginine residue which may be on either side of the Arg pair.,WD40,"WD domain, G-beta repeat","([LIVMFYWPR]R[^YFWDE]{0,1}R)|(R[^YFWDE]{0,1}R[LIVMFYWPR])",RSRR,548,551
TRG_NESrev_CRM1_2,NES Nuclear Export Signals,TRG,Reverse NES binding the CRM1 groove in the minus direction. The spacing of the initial two hydrophobic residues ΦxΦ dictates the reverse orientation,,,[FLIM].[VLIMF]..[FLIMVY][^P][^P][^P][LVIM][^P][^P][LVIMA],LSLGGVSMSLGSI,457,469
TRG_NLS_MonoExtC_3,NLS classical Nuclear Localization Signals,TRG,Monopartite variant of the classical basically charged NLS. C-extended version.,Arm,Armadillo/beta-catenin-like repeat,[^DE]((K[RK])|(RK))(([^DE][KR])|([KR][^DE]))(([PKR])|([^DE][DE])),PRKQRR,540,545
TRG_NLS_MonoExtN_4,NLS classical Nuclear Localization Signals,TRG,Monopartite variant of the classical basically charged NLS. N-extended version.,Arm,Armadillo/beta-catenin-like repeat,"(([PKR].{0,1}[^DE])|([PKR]))((K[RK])|(RK))(([^DE][KR])|([KR][^DE]))[^DE]",PPRKQRR,539,545
TRG_NLS_MonoExtN_4,NLS classical Nuclear Localization Signals,TRG,Monopartite variant of the classical basically charged NLS. N-extended version.,Arm,Armadillo/beta-catenin-like repeat,"(([PKR].{0,1}[^DE])|([PKR]))((K[RK])|(RK))(([^DE][KR])|([KR][^DE]))[^DE]",PRKQRR,540,545
