Instance_accession,ELMIdentifier,FunctionalSiteName,ELMType,Description,InteractionDomainId,InteractionDomainDescription,InteractionDomainName,Regex,Instances (Matched Sequence),motif_start_in_query,motif_end_in_query,ProteinName,Organism,References,InstanceLogic,#Instances,#Instances_in_PDB,IUPred
ELME000321,CLV_C14_Caspase3-7,Caspase cleavage motif,CLV,Caspase-3 and Caspase-7 cleavage site.,PF00656,Peptidase_C14,Caspase domain,[DSTE][^P][^DEWHFYC]D[GSAN],SFTDS,44,48,A0A0H3NIK3_SALTS,Salmonella enterica subsp. enterica serovar Typhimurium str. SL1344,20947770,true positive,41,0,ordered
ELME000102,CLV_NRD_NRD_1,NRD cleavage site,CLV,N-Arg dibasic convertase (NRD/Nardilysin) cleavage site (X-|-R-K or R-|-R-X).,PF00675,Peptidase_M16,Insulinase (Peptidase family M16),(.RK)|(RR[^KR]),FRK,73,75,PDYN_RAT,Rattus norvegicus,8294457,true positive,2,0,ordered
ELME000101,CLV_PCSK_FUR_1,PCSK cleavage site,CLV,Furin (PACE) cleavage site (R-X-[RK]-R-|-X).,PF00082,Peptidase_S8,Subtilase family,R.[RK]R.,RTKRE,5,9,BMP1_HUMAN,Homo sapiens,12637569,true positive,13,0,ordered
ELME000108,CLV_PCSK_KEX2_1,PCSK cleavage site,CLV,Yeast kexin 2 cleavage site (K-R-|-X or R-R-|-X).,PF00082,Peptidase_S8,Subtilase family,[KR]R.,KRE,7,9,CIS3_YEAST,Saccharomyces cerevisiae S288c,10438739,true positive,1,0,ordered
ELME000100,CLV_PCSK_PC1ET2_1,PCSK cleavage site,CLV,NEC1/NEC2 cleavage site (K-R-|-X).,PF00082,Peptidase_S8,Subtilase family,KR.,KRE,7,9,COLI_MOUSE,Mus musculus,2023902,true positive,6,0,ordered
ELME000103,CLV_PCSK_PC7_1,PCSK cleavage site,CLV,"Proprotein convertase 7 (PC7, PCSK7) cleavage site (R-X-X-X-[RK]-R-|-X).",PF00082,Peptidase_S8,Subtilase family,R...[KR]R.,RAIYKRW,35,41,BMP4_HUMAN,Homo sapiens,19651771,true positive,1,0,ordered
ELME000146,CLV_PCSK_SKI1_1,PCSK cleavage site,CLV,Subtilisin/kexin isozyme-1 (SKI1) cleavage site ([RK]-X-[hydrophobic]-[LTKF]-|-X).,PF00082,Peptidase_S8,Subtilase family,[RK].[AILMFV][LTKF].,KVLFP,218,222,ATF6A_HUMAN,Homo sapiens,11163209,true positive,2,0,ordered
ELME000289,DEG_SCF_FBW7_1,SCF ubiquitin ligase binding Phosphodegrons,DEG,The TPxxS phospho-dependent degron binds the FBW7 F box proteins of the SCF (Skp1_Cullin-Fbox) complex.,PF00400,WD40,"WD domain, G-beta repeat","[LIVMP].{0,2}(T)P..([ST])",VVATPSPS,345,352,CCNE1_HUMAN,Homo sapiens,11533444,true positive,6,2,disordered
ELME000388,DEG_SPOP_SBC_1,SPOP SBC docking motif,DEG,"The S/T rich motif known as the SPOP-binding consensus (SBC) of the MATH-BTB protein, SPOP, is present in substrates that undergo SPOP/Cul3-dependant ubiquitination.",PF00917,MATH,MATH domain,[AVP].[ST][ST][ST],VCSST,287,291,CI_DROME,Drosophila melanogaster,19818708,true positive,8,6,ordered
ELME000358,DOC_CKS1_1,Cks1 ligand,DOC,Phospho-dependent motif that mediates docking of CDK substrates and regulators to cyclin-CDK-bound Cks1.,PF01111,CKS,Cyclin-dependent kinase regulatory subunit,[MPVLIFWYQ].(T)P..,PHTPAF,314,319,CDC6_YEAST,Saccharomyces cerevisiae,24186063,true positive,8,1,ordered
ELME000566,DOC_CYCLIN_RevRxL_6,Cyclin N-terminal Domain Docking Motifs,DOC,The hydrophobic patch (hp) of Cyclin A2 can bind an RxL-like motif  the reverse orientation.,IPR006671,"Cyclin, N-terminal","Cyclins contain two domains of similar all-alpha fold, of which this entry is associated with the N-terminal domain","[EDST].{0,3}[FL].[ILV][^D][RK][^PD][^EDWNG]((.{0,3}[KRH])|.)",SAVSFPLRKQRRRRR,529,543,SKP2_HUMAN,Homo sapiens,33989513,true positive,1,1,inbetween
ELME000233,DOC_MAPK_gen_1,MAPK docking motifs,DOC,"MAPK interacting molecules (e.g. MAPKKs, substrates, phosphatases) carry docking motif that help to regulate specific interaction in the MAPK cascade. The classic motif approximates (R/K)xxxx#x# where # is a hydrophobic residue.",PF00069,Pkinase,Protein kinase domain,"[KR]{0,2}[KR].{0,2}[KR].{2,4}[ILVM].[ILVF]",KDRLEVSL,118,125,DIG1_YEAST,Saccharomyces cerevisiae,,true positive,15,0,ordered
ELME000432,DOC_MAPK_MEF2A_6,MAPK docking motifs,DOC,A kinase docking motif that mediates interaction towards the ERK1/2 and p38 subfamilies of MAP kinases.,PF00069,Pkinase,Protein kinase domain,"[RK].{2,4}[LIVMP].[LIV].[LIVMF]",KDRLEVSL,118,125,AAKG2_HUMAN,Homo sapiens,26538579,true positive,27,2,ordered
ELME000411,DOC_MAPK_RevD_3,MAPK docking motifs,DOC,Reverse (C to N direction) of the classical MAPK docking motif ELM:DOC_MAPK_gen_1 with an often extended linker region of the bipartite motif.,PF00069,Pkinase,Protein kinase domain,"[LIVMPFA].[LIV].{1,2}[LIVMP].{4,6}[LIV]..[RK][RK]",VVLFNPHTPAFVPARK,309,324,KS6A1_HUMAN,Homo sapiens,23047924 25730857,true positive,6,3,inbetween
ELME000137,DOC_PP1_RVXF_1,PP1-docking motif RVXF,DOC,"Protein phosphatase 1 catalytic subunit (PP1c) interacting motif binds targeting proteins that dock to the substrate for dephosphorylation. The motif defined is [RK]{0,1}[VI][^P][FW].",PF00149,Metallophos,Calcineurin-like phosphoesterase,"..[RK].{0,1}[VIL][^P][FW].",EIKVLFP,216,222,AKAP1_HUMAN,Homo sapiens,10995432,true positive,19,4,ordered
ELME000425,DOC_PP2A_B56_1,PP2A holoenzyme B56-docking site,DOC,Docking site required for the regulatory subunit B56 of PP2A for protein dephosphorylation.,IPR016024,Armadillo-type fold," This entry represents a structural domain with an armadillo (ARM)-like fold, consisting of a multi-helical fold comprised of two curved layers of alpha helices arranged in a regular right-handed superhelix, where the repeats that make up this structure are arranged about a common axis [ ]. These superhelical structures present an extensive solvent-accessible surface that is well suited to binding large substrates such as proteins and nucleic acids. Domains and repeats with an ARM-like fold have been found in a number of proteins, including:    ARM repeat domain, found in beta-catenins, importins, karyopherin and exportins.  HEAT repeat domain, found in protein phosphatase 2a and initiation factor eIF4G.  PHAT domain, found in the RNA-binding protein Smaug.  Leucine-rich repeat variant, which contain an FeS cluster.  Pumilo repeat domain, found in Pumilo protein.  Regulatory subunit H of V-type ATPases.  PBS lyase HEAT-like repeat.  Mo25 protein.  MIF4G domain-like, found in eukaryotic initiation factor eIF4G, translation initiation factor eIF-2b epsilon and nuclear cap-binding protein CBP80.  The N-terminal domain of eukaryotic translation initiation factor 3 subunit 12.  The C-terminal domain of leukotriene A4 hydrolase.  The helical domain of phosphoinositide 3-kinase.  The N-terminal fragment of adaptin alpha-C and beta subunits.  The proximal leg segment and the linker domain of the clathrin heavy chain.    The sequence similarity among these different repeats or domains is low, however they exhibit considerable structural similarity. Furthermore, the number of repeats present in the superhelical structure can vary between orthologues, indicating that rapid loss/gain of repeats has occurred frequently in evolution. A common phylogenetic origin has been proposed for the armadillo and HEAT repeats [ ]. ",([LMFYWIC]..I.E)|(L..[IVLWC].E).,MEAIRE,240,245,AIM1_HUMAN,Homo sapiens,27453045,true positive,18,2,ordered
ELME000239,DOC_USP7_MATH_1,USP7 binding motif,DOC,The USP7 MATH domain binding motif variant based on the MDM2 and p53 interactions.,PF00917,MATH,MATH domain,[PA][^P][^FYWIL]S[^P],PSPST,349,353,MDM2_HUMAN,Homo sapiens,16474402,true positive,10,6,disordered
ELME000240,DOC_USP7_MATH_2,USP7 binding motif,DOC,The USP7 MATH domain binding motif variant based on the EBV EBNA1 interaction.,PF00917,MATH,MATH domain,P.E[^P].S[^P],PGEVNSI,518,524,EBNA1_EBVB9,Human herpesvirus 4 (strain B95-8),15808506,true positive,1,1,ordered
ELME000394,DOC_USP7_UBL2_3,USP7 binding motif,DOC,The USP7 CTD domain binding motif variant based on the ICP0 and DNMT1 interactions,PF12436,USP7_ICP0_bdg,ICP0-binding domain of Ubiquitin-specific protease 7,K...K,KHKIK,295,299,ATX1_HUMAN,Homo sapiens,12093161,unknown,7,2,ordered
ELME000136,DOC_WW_Pin1_4,WW domain ligands,DOC,The Class IV WW domain interaction motif is recognised primarily by the Pin1 phosphorylation-dependent prolyl isomerase.,PF00397,WW,WW domain,...([ST])P.,PSSSPP,253,258,A4_HUMAN,Homo sapiens,16139797,true positive,96,1,inbetween
ELME000417,LIG_14-3-3_CanoR_1,14-3-3 binding phosphopeptide motif,LIG,Canonical Arg-containing phospho-motif mediating a strong interaction with 14-3-3 proteins.  ,PF00244,14-3-3,14-3-3 protein,"R[^DE]{0,2}[^DEPG]([ST])(([FWYLMV].)|([^PRIKGN]P)|([^PRIKGN].{2,4}[VILMFWYP]))",RWPTSFT,40,46,3BP2_HUMAN,Homo sapiens,12501243,true positive,65,16,ordered
ELME000435,LIG_APCC_ABBA_1,APCC activator-binding ABBA motif,LIG,"Amphipathic motif that is involved in APC/C inhibition by binding of CDH1/CDC20. In metazoan cyclin A, the motif also acts as a degron, enabling the cyclin's degradation in prometaphase.",PF00400,WD40,"WD domain, G-beta repeat",[ILVMF].[ILMVP][FHY].[DE],VWIHPD,177,182,ACM1_YEAST,Saccharomyces cerevisiae S288c,23707760 25669885 18498748 21460798,true positive,11,1,ordered
ELME000534,LIG_Arc_Nlobe_1,Arc N-lobe binding ligand,LIG,"Binding motif for the N-lobe part of the C-terminal domain in Arc. The N-lobe domain has structural homology with HIV virus capsid, but the binding appears to be unique to higher vertebrates.",IPR040814,"Activity-regulated cytoskeleton-associated protein, C-terminal domain", This entry represents the  C-terminal capsid-like domain of the Activity-regulated cytoskeleton-associated protein (Arc),"[^P][P]G{0,1}[^P][YFH][^P]",APSYR,1,5,CCG2_HUMAN,Homo sapiens,33732907,true positive,11,4,inbetween
ELME000285,LIG_BIR_II_1,IAP-binding motif (IBM),,These IBMs are found in pro-apoptotic proteins and function in the abrogation of caspase inhibition by Inhibitor of Apoptosis Proteins (IAPs) in apoptotic cells. The motif binds specifically to type II BIR domains.,PF00653,BIR,Inhibitor of Apoptosis domain,"^M{0,1}[AS]...",APSY,1,4,,,,,0,0,inbetween
ELME000406,LIG_CaM_NSCaTE_8,Helical calmodulin binding motifs,LIG,Short motif recognized by CaM that is only present in the Cav1.2 and Cav1.3 L-type calcium channels.,PF13499,EF_hand_7,EF-hand domain pair,W[^P][^P][^P][IL][^P][AGS][AT],WKERIDAA,148,155,CAC1C_HUMAN,Homo sapiens,22518098,true positive,3,0,ordered
ELME000148,LIG_EH1_1,eh1 motif,LIG,"The engrailed homology domain 1 motif is found in homeodomain containing active repressors and other transcription families, and allows for the recruitment of Groucho/TLE corepressors.",PF00400,WD40,"WD domain, G-beta repeat",.[FYH].[IVM][^WFYP][^WFYP][ILM][ILMV].,YHAVADLVN,89,97,BOWEL_DROME,Drosophila melanogaster,16314497,true positive,11,1,ordered
ELME000052,LIG_FHA_1,FHA phosphopeptide ligands,LIG,Phosphothreonine motif binding a subset of FHA domains that show a preference for a large aliphatic amino acid at the pT+3 position.,PF00498,FHA,FHA domain,..(T)..[ILV].,RMTVCLG,56,62,CHK2_HUMAN,Homo sapiens,12049740,true positive,6,3,ordered
ELME000220,LIG_FHA_2,FHA phosphopeptide ligands,LIG,Phosphothreonine motif binding a subset of FHA domains that have a preference for an acidic amino acid at the pT+3 position.,PF00498,FHA,FHA domain,..(T)..[DE].,YRTKREN,4,10,MRC1_SCHPO,Schizosaccharomyces pombe,14585996,true positive,6,2,ordered
ELME000409,LIG_G3BP_FGDF_1,G3BP binding motif,LIG,The FGDF motif binds to a hydrophobic binding cleft within the N-terminal NTF2-like domain of the stress granule protein G3BP.,PF02136,NTF2,Nuclear transport factor 2 (NTF2) domain,[FYLIMV].FG[DES]F,MSFGSF,488,493,DNBI_HHV11,Herpes simplex virus (type 1 / strain 17),25658430,true positive,9,0,disordered
ELME000369,LIG_LIR_Apic_2,Atg8 protein family ligands,LIG,Apicomplexa specific variant of the canonical LIR motif that binds to Atg8 protein family members to mediate processes involved in autophagy.,PF02991,Atg8,Autophagy protein Atg8 ubiquitin like,"[EDST].{0,2}[WFY]..P",ELVWIHP,175,181,C0H519_PLAF7,Plasmodium falciparum 3D7,22982544,true positive,1,1,ordered
ELME000368,LIG_LIR_Gen_1,Atg8 protein family ligands,LIG,Canonical LIR motif that binds to Atg8/LC3 protein family members to mediate processes involved in autophagy.,PF02991,Atg8,Autophagy protein Atg8 ubiquitin like,"[EDST].{0,2}[WFY][^RKPGWFY][^PG][ILVFM]((.{0,4}[PLAFIVMY])|($)|(.{0,3}[ED]))",SLFSSFSGSD,375,384,AMRA1_HUMAN,Homo sapiens,30217973,true positive,54,26,inbetween
ELME000370,LIG_LIR_Nem_3,Atg8 protein family ligands,LIG,Nematode-specific variant of the canonical LIR motif that binds to Atg8 protein family members to mediate processes involved in autophagy.,PF02991,Atg8,Autophagy protein Atg8 ubiquitin like,"[EDST].{0,2}[WFY]..[ILVFY]",SLFSSF,375,380,ALLO1_CAEEL,Caenorhabditis elegans,29255173,true positive,11,1,disordered
ELME000080,LIG_Pex14_1,Pex14 ligand motif,LIG,Wxxx[FY] motifs present in N-terminal half of Pex5 bind to Pex13 and Pex14 at peroxisomal and glycosomal membranes to facilitate entrance of PTS1 cargo proteins into the organellar lumen.,PF00018,SH3_1,SH3 domain,W...[FY],WPTSF,41,45,PEX5_ARATH,Arabidopsis thaliana,11978862,true positive,27,1,ordered
ELME000099,LIG_PTAP_UEV_1,UEV Domain binding PTAP motif,LIG,PTAP motif binds the N-terminal UEV domain of Tsg101.,PF05743,UEV,UEV domain,.P[TS]AP.,QPTAPP,331,336,B5TVE8_TOXGO,Toxoplasma gondii,34898650,true positive,28,2,disordered
ELME000458,LIG_SH2_CRK,Phosphotyrosine ligands bound by SH2 domains,LIG,CRK family SH2 domain binding motif.,PF00017,SH2,SH2 domain,(Y)[^EPILVFYW][^HDEW][PLIV][^DEW],YHAVA,89,93,A0A0H3MGJ2_CHLT2,Chlamydia trachomatis 434/Bu,24586162,true positive,36,1,ordered
ELME000083,LIG_SH2_PTP2,Phosphotyrosine ligands bound by SH2 domains,LIG,SH-PTP2 and phospholipase C-gamma Src Homology 2 (SH2) domains binding motif.,PF00017,SH2,SH2 domain,(Y)[IV].[VILP],YIEV,325,328,IRS1_RAT,Rattus norvegicus,11572799,true positive,1,0,disordered
ELME000182,LIG_SH2_STAT5,Phosphotyrosine ligands bound by SH2 domains,LIG,STAT5 Src Homology 2 (SH2) domain binding motif.,PF00017,SH2,SH2 domain,(Y)[VLTFIC]..,YCLD,142,145,CTLA4_MOUSE,Mus musculus,8638161,true positive,19,0,ordered
ELME000005,LIG_SH3_1,SH3 domain ligands,LIG,This is the motif recognized by class I SH3 domains,PF00018,SH3_1,SH3 domain,[RKY]..P..P,RKEPTPP,437,443,B7UM88_ECO27,Escherichia coli O127:H6 str. E2348/69,17893247,true positive,8,0,disordered
ELME000006,LIG_SH3_2,SH3 domain ligands,LIG,This is the motif recognized by class II SH3 domains,PF00018,SH3_1,SH3 domain,P..P.[KR],PIPPPR,421,426,ADA15_HUMAN,Homo sapiens,19718658,true positive,19,6,disordered
ELME000155,LIG_SH3_3,SH3 domain ligands,LIG,This is the motif recognized by those SH3 domains with a non-canonical class I recognition specificity,PF00018,SH3_1,SH3 domain,...[PV]..P,IKSVAIP,101,107,BIN1_HUMAN,Homo sapiens,15992821,true positive,26,1,ordered
ELME000501,LIG_SH3_CIN85_PxpxPR_1,CIN85 and CD2AP SH3 domain binding motif ,LIG,"The non-canonical SH3-binding motif is recognized primarily by adaptor proteins CIN85 and CD2AP, which are involved in RTK regulation, endocytosis, lysosomal degradation, actin cytoskeleton dynamics regulation, and signal transduction",PF14604,SH3_9,Variant SH3 domain,P.[AP].PR,PIPPPR,421,426,3BP2_HUMAN,Homo sapiens,17306257,true positive,60,4,disordered
ELME000335,LIG_SUMO_SIM_anti_2,SUMO interaction site,LIG,Motif for the antiparallel beta augmentation mode of non-covalent binding to SUMO protein.,PF11976,Rad60-SLD,Ubiquitin-2 like Rad60 SUMO-like,"[DEST]{1,10}.{0,1}[VIL][DESTVILMA][VIL][VILM].[DEST]{0,5}",SSLEIVD,398,404,CBX4_HUMAN,Homo sapiens,20176810,true positive,17,2,inbetween
ELME000118,LIG_TRAF2like_MATH_loPxQ_2,"TRAF2 group (TRAF1,2,3,5) MATH domain binding motifs",LIG,Long (or minor) TRAF2 binding motif. Members of the tumour necrosis factor receptor (TNFR) superfamily initiate intracellular signaling by recruiting the C-domain of the TNFR-associated factors (TRAFs) to their cytoplasmic tails.,PF00917,MATH,MATH domain,[PM][LIVTFYHQE][QS].(([DE].)|(.[DE])),PTSFTD,42,47,LMP1_EBVB9,Human herpesvirus 4 (strain B95-8),10518213,true positive,5,5,ordered
ELME000364,LIG_WD40_WDR5_VDV_1,"WDR5 WD40 repeat (blade 5,6)-binding ligand",LIG,"This WDR5-binding motif binds to a cleft between blades 5 and 6 of the WD40 repeat domain of WDR5, opposite of the Win motif-binding site, to mediate assembly of histone modification complexes.",IPR017986,IPR017986,WD40-repeat-containing domain,"[ED].{0,3}[VIL]D[VI]",DNTSLDV,355,361,KANL2_HUMAN,Homo sapiens,24788516,true positive,3,3,disordered
ELME000365,LIG_WD40_WDR5_VDV_2,"WDR5 WD40 repeat (blade 5,6)-binding ligand",LIG,"Fungi-specific variant of the WDR5-binding motif that binds to a cleft between blades 5 and 6 of the WD40 repeat domain of WDR5, opposite of the Win motif-binding site, to mediate assembly of histone modification complexes.",IPR017986,IPR017986,WD40-repeat-containing domain,"[EDSTY].{0,4}[VIPLA][TSDEKR][ILVA]",DFRKHPEA,72,79,SWD1_SCHPO,Schizosaccharomyces pombe 972h-,20716525,true positive,2,0,ordered
ELME000507,LIG_WRC_WIRS_1,WAVE regulatory complex (WRC) binding site motif,LIG,WRC interacting receptor sequence (WIRS) is a highly conserved and widespread interaction motif that is employed by diverse membrane proteins to recruit the WRC to initiate the dynamic rearrangements of the actin cytoskeleton.,PF07815,Abi_HHR,Abl-interactor HHR,[FYILMV].[TS]F(G|[^P]).,FSSFSG,377,382,CAC1D_HUMAN,Homo sapiens,24439376,true positive,22,0,inbetween
ELME000135,LIG_WW_3,WW domain ligands,LIG,WW domain of group III binding motif,PF00397,WW,WW domain,.PPR.,PPPRL,423,427,WBP11_MOUSE,Mus musculus,19592703 10744724,true positive,1,0,disordered
ELME000529,MOD_CDC14_SPxK_1,Cdc14 phosphatase dephosphorylation site,MOD,"A subset of Cdk phosphorylation sites conform to the (S)PxK/r pattern that serves as an optimal Cdc14 dephosphorylation site, allowing high catalytic efficiency.",PF00782,DSPc,"Dual specificity phosphatase, catalytic domain",(S)P.[KR],SPPK,256,259,ACM1_YEAST,Saccharomyces cerevisiae S288c,26256689 26085509 22117071,true positive,48,0,ordered
ELME000153,MOD_CDK_SPxK_1,CDK Phosphorylation Site,MOD,Canonical version of the CDK phosphorylation site which shows specificity towards a lysine/arginine residue at the [ST]+3 position.,PF00069,Pkinase,Protein kinase domain,...([ST])P.[KR],PSSSPPK,253,259,APC_HUMAN,Homo sapiens,19703905,true positive,26,1,inbetween
ELME000428,MOD_CDK_SPxxK_3,CDK Phosphorylation Site,MOD,Longer version of the CDK phosphorylation site which shows specificity towards a lysine/arginine residue at position +4 after the phospho-Ser/Thr,PF00069,Pkinase,Protein kinase domain,...([ST])P..[RK],CSSTPLPK,288,295,A4_RAT,Rattus norvegicus,8131745,true positive,25,0,ordered
ELME000063,MOD_CK1_1,Casein kinase 1 (CK1) Phosphorylation site,MOD,CK1 phosphorylation site,PF00069,Pkinase,Protein kinase domain,S..([ST])...,SYRTKRE,3,9,APC_HUMAN,Homo sapiens,17910481,true positive,27,0,ordered
ELME000064,MOD_CK2_1,Casein kinase 2 (CK2) Phosphorylation site,MOD,Casein kinase 2 (CK2) phosphorylation site,PF00069,Pkinase,Protein kinase domain,...([ST])..E,SYRTKRE,3,9,AKT1_HUMAN,Homo sapiens,15818404,true positive,34,0,ordered
ELME000093,MOD_Cter_Amidation,Peptide Amidation Site,,Peptide C-terminal amidation,PF01082,Cu2_monooxygen,"Copper type II ascorbate-dependent monooxygenase, N-terminal domain",(.)G[RK][RK],LGKK,61,64,,,,,0,0,ordered
ELME000085,MOD_GlcNHglycan,Glycosaminoglycan attachment site,MOD,Glycosaminoglycan attachment site,PF02485,Branch,Core-2/I-Branching enzyme,"[ED]{0,3}.(S)[GA].",DSAT,47,50,SDC1_MOUSE,Mus musculus,8163535,true positive,6,0,ordered
ELME000053,MOD_GSK3_1,GSK3 phosphorylation site,MOD,GSK3 phosphorylation recognition site,PF00069,Pkinase,Protein kinase domain,...([ST])...[ST],WPTSFTDS,41,48,ATX3_HUMAN,Homo sapiens,17434145,true positive,22,0,ordered
ELME000070,MOD_N-GLC_1,N-glycosylation site,MOD,"Generic motif for N-glycosylation. It was shown that Trp, Asp, and Glu are uncommon before the Ser/Thr position. Efficient glycosylation usually occurs when ~60 residues or more separate the glycosylation acceptor site from the C-terminus.",PF02516,STT3,Oligosaccharyl transferase STT3 subunit,.(N)[^P][ST]..,DNTSLD,355,360,ABCA4_HUMAN,Homo sapiens,11320094,true positive,156,1,disordered
ELME000008,MOD_PKA_1,PKA Phosphorylation site,MOD,Main preference for PKA-type AGC kinase phosphorylation.,PF00069,Pkinase,Protein kinase domain,[RK][RK].([ST])[^P]..,RRVTESE,503,509,AIBP_MOUSE,Mus musculus,18202122,true positive,25,0,inbetween
ELME000062,MOD_PKA_2,PKA Phosphorylation site,MOD,Secondary preference for PKA-type AGC kinase phosphorylation.,PF00069,Pkinase,Protein kinase domain,.R.([ST])[^P]..,ARMTVCL,55,61,AKT2_ARATH,Arabidopsis thaliana,16297070,true positive,28,0,ordered
ELME000061,MOD_PKB_1,PKB Phosphorylation site,MOD,PKB Phosphorylation site,PF00069,Pkinase,Protein kinase domain,R.R..([ST])[^P]..,RRRRRSRRT,539,547,BAD_MOUSE,Mus musculus,9346240,true positive,20,1,disordered
ELME000442,MOD_Plk_1,Polo-like kinase phosphosites,MOD,Ser/Thr residue phosphorylated by the Plk1 kinase,PF00069,Pkinase,Protein kinase domain,.[DNE][^PG][ST](([FYILMVW]..)|([^PEDGKN][FWYLIVM]).),LEVSLNC,121,127,BRCA2_HUMAN,Homo sapiens,12815053,true positive,44,0,ordered
ELME000443,MOD_Plk_2-3,Polo-like kinase phosphosites,MOD,Ser/Thr residue phosphorylated by Plk2 and Plk3,PF00069,Pkinase,Protein kinase domain,[DE]..([ST])[EDILMVFWY](([DE].)|(.[DE])),DNTSLDV,355,361,MPIP3_HUMAN,Homo sapiens,14968113,true positive,3,0,disordered
ELME000444,MOD_Plk_4,Polo-like kinase phosphosites,MOD,Ser/Thr residue phosphorylated by Plk4,PF00069,Pkinase,Protein kinase domain,..[^IRFW]([ST])[ILMVFWY][ILMVFWY].,ADVTIYC,137,143,CENPJ_HUMAN,Homo sapiens,20531387,true positive,7,0,ordered
ELME000159,MOD_ProDKin_1,MAPK Phosphorylation Site,MOD,Proline-Directed Kinase (e.g. MAPK) phosphorylation site in higher eukaryotes.,PF00069,Pkinase,Protein kinase domain,...([ST])P..,PSSSPPK,253,259,A6P3E3_MOUSE,Mus musculus,16410316,true positive,38,0,inbetween
ELME000002,MOD_SUMO_for_1,Sumoylation site,MOD,Motif recognised for modification by SUMO-1,PF00179,UQ_con,Ubiquitin-conjugating enzyme,[VILMAFP](K).E,LKDE,165,168,AMPA_ANAPZ,Anaplasma phagocytophilum str. HZ,25308709,true positive,46,1,ordered
ELME000393,MOD_SUMO_rev_2,Sumoylation site,MOD,Inverted version of SUMOylation motif recognized for modification by SUMO-1,PF00179,UQ_con,Ubiquitin-conjugating enzyme,"[SDE].{0,5}[DE].(K).{0,1}[AIFLMPSTV]",DMAEIKVL,213,220,HNRPU_HUMAN,Homo sapiens,25114211 25218447,true positive,20,0,ordered
ELME000523,TRG_DiLeu_BaEn_1,Adaptin binding Endosome-Lysosome-Basolateral sorting signals,TRG,Classical adaptin sigma subunit-binding acidic dileucine motifs sorting in Endosomal-Basolateral trafficking.,PF01217,Clat_adaptor_s,Clathrin adaptor complex small chain,E..[^P]L[LIVM],EALKLL,80,85,A0A1D5PL70_CHICK,Gallus gallus,16756976,true positive,23,4,ordered
ELME000528,TRG_DiLeu_BaLyEn_6,Adaptin binding Endosome-Lysosome-Basolateral sorting signals,TRG,Dileucine motifs lacking Glu+1 with Pro-Arg preference at +4 sorting in Endosomal-Basolateral-Lysosomal trafficking.,PF01217,Clat_adaptor_s,Clathrin adaptor complex small chain,[^E]..[RP]L[LI],VAIPLL,104,109,AT2B1_HUMAN,Homo sapiens,16803870,true positive,18,1,ordered
ELME000120,TRG_ENDOCYTIC_2,Y-based sorting signal,TRG,Tyrosine-based sorting signal responsible for the interaction with mu subunit of AP (Adaptor Protein) complex,PF00928,Adap_comp_sub,Adaptor complexes medium subunit family,Y..[LMVIF],YHAV,89,92,ASGR1_HUMAN,Homo sapiens,,true positive,15,1,ordered
ELME000012,TRG_ER_diArg_1,di Arginine retention/retrieving signal,TRG,The di-Arg ER retention motif is defined by two consecutive arginine residues (RR) or with a single residue insertion (RXR). The motif is completed by an adjacent hydrophobic/arginine residue which may be on either side of the Arg pair.,PF00400,WD40,"WD domain, G-beta repeat","([LIVMFYWPR]R[^YFWDE]{0,1}R)|(R[^YFWDE]{0,1}R[LIVMFYWPR])",RRV,503,505,ABCC8_HUMAN,Homo sapiens,10197533,true positive,27,0,inbetween
ELME000548,TRG_NESrev_CRM1_2,NES Nuclear Export Signals,TRG,Reverse NES binding the CRM1 groove in the minus direction. The spacing of the initial two hydrophobic residues ΦxΦ dictates the reverse orientation,,,,[FLIM].[VLIMF]..[FLIMVY][^P][^P][^P][LVIM][^P][^P][LVIMA],LSFGGVSMSLGSI,453,465,CPEB4_HUMAN,Homo sapiens,26349033,true positive,2,2,ordered
ELME000278,TRG_NLS_MonoExtC_3,NLS classical Nuclear Localization Signals,TRG,Monopartite variant of the classical basically charged NLS. C-extended version.,PF00514,Arm,Armadillo/beta-catenin-like repeat,[^DE]((K[RK])|(RK))(([^DE][KR])|([KR][^DE]))(([PKR])|([^DE][DE])),LRKQRR,535,540,A0A1B4JR46_BURTH,Burkholderia thailandensis,23797873,true positive,23,2,disordered
ELME000271,TRG_NLS_MonoExtN_4,NLS classical Nuclear Localization Signals,TRG,Monopartite variant of the classical basically charged NLS. N-extended version.,PF00514,Arm,Armadillo/beta-catenin-like repeat,"(([PKR].{0,1}[^DE])|([PKR]))((K[RK])|(RK))(([^DE][KR])|([KR][^DE]))[^DE]",PLRKQRR,534,540,A0A0H3LYM0_BORBR,Bordetella bronchiseptica RB50,23797873,true positive,28,2,inbetween
